{
    "T": [
        0,
        3,
        4,
        1
    ],
    "polytopes": [
        {
            "A": [
                [
                    -0.9927104287267792,
                    0.12052387604576242
                ],
                [
                    1.0,
                    0.0
                ],
                [
                    0.0,
                    1.0
                ],
                [
                    -1.0,
                    -0.0
                ],
                [
                    -0.0,
                    -1.0
                ]
            ],
            "b": [
                -2.9083465928587957,
                5.0,
                5.0,
                -0.0,
                -0.0
            ]
        },
        {
            "A": [
                [
                    -0.9927104287267792,
                    0.12052387604576242
                ],
                [
                    1.0,
                    0.0
                ],
                [
                    0.0,
                    1.0
                ],
                [
                    -1.0,
                    -0.0
                ],
                [
                    -0.0,
                    -1.0
                ]
            ],
            "b": [
                -2.9083465928587957,
                5.0,
                5.0,
                -0.0,
                -0.0
            ]
        },
        {
            "A": [
                [
                    0.052726550187726054,
                    -0.9986089879954522
                ],
                [
                    1.0,
                    0.0
                ],
                [
                    0.0,
                    1.0
                ],
                [
                    -1.0,
                    -0.0
                ],
                [
                    -0.0,
                    -1.0
                ]
            ],
            "b": [
                -3.1924331142403597,
                5.0,
                5.0,
                -0.0,
                -0.0
            ]
        }
    ]
}