{
    "T": [
        0,
        7,
        9,
        5,
        1
    ],
    "polytopes": [
        {
            "A": [
                [
                    -0.30006132674905767,
                    0.953919912880319
                ],
                [
                    1.0,
                    0.0
                ],
                [
                    0.0,
                    1.0
                ],
                [
                    -1.0,
                    -0.0
                ],
                [
                    -0.0,
                    -1.0
                ]
            ],
            "b": [
                1.2439003968285627,
                3.65,
                4.7,
                -0.0,
                -0.0
            ]
        },
        {
            "A": [
                [
                    -0.9999042122202964,
                    -0.013840750850603184
                ],
                [
                    0.4486016305084519,
                    0.8937318261677596
                ],
                [
                    1.0,
                    0.0
                ],
                [
                    0.0,
                    1.0
                ],
                [
                    -1.0,
                    -0.0
                ],
                [
                    -0.0,
                    -1.0
                ]
            ],
            "b": [
                -1.1282681726860626,
                3.6908962906322103,
                3.65,
                4.7,
                -0.0,
                -0.0
            ]
        },
        {
            "A": [
                [
                    0.0011702061773429678,
                    -0.9999993153085168
                ],
                [
                    0.9125444623444703,
                    -0.40897751068297333
                ],
                [
                    1.0,
                    0.0
                ],
                [
                    0.0,
                    1.0
                ],
                [
                    -1.0,
                    -0.0
                ],
                [
                    -0.0,
                    -1.0
                ]
            ],
            "b": [
                -2.049096870086068,
                0.8861081474901407,
                3.65,
                4.7,
                -0.0,
                -0.0
            ]
        },
        {
            "A": [
                [
                    0.21940990109964262,
                    -0.9756327666183855
                ],
                [
                    1.0,
                    0.0
                ],
                [
                    0.0,
                    1.0
                ],
                [
                    -1.0,
                    -0.0
                ],
                [
                    -0.0,
                    -1.0
                ]
            ],
            "b": [
                -2.6820338721465475,
                3.65,
                4.7,
                -0.0,
                -0.0
            ]
        }
    ],
    "z_values": [
        [
            1.0,
            0.75,
            0.0,
            0.0,
            0.0,
            0.0
        ],
        [
            2.0106796118189516,
            1.301117163905954,
            0.5665563303656013,
            -0.03101148437079398,
            -0.7853981633974483,
            -0.0293048029528632
        ],
        [
            1.6730203280622593,
            2.518730303050448,
            0.13027114968717662,
            0.7853981633974483,
            -0.725867513467435,
            -0.7853981633974483
        ],
        [
            0.6159576666889981,
            3.059866638814125,
            -0.3023891833939759,
            0.7853981633974483,
            0.00010983182040144657,
            -0.7853981633974483
        ],
        [
            2.75,
            4.0,
            0.0,
            0.0,
            0.0,
            0.0
        ]
    ]
}