{
    "T": [
        0,
        13,
        14,
        1
    ],
    "polytopes": [
        {
            "A": [
                [
                    -0.30006132674905767,
                    0.953919912880319
                ],
                [
                    1.0,
                    0.0
                ],
                [
                    0.0,
                    1.0
                ],
                [
                    -1.0,
                    -0.0
                ],
                [
                    -0.0,
                    -1.0
                ]
            ],
            "b": [
                1.2439003968285627,
                3.65,
                4.7,
                -0.0,
                -0.0
            ]
        },
        {
            "A": [
                [
                    -0.8220310278136354,
                    -0.5694427006395446
                ],
                [
                    0.8044060350698566,
                    0.5940799026588871
                ],
                [
                    1.0,
                    0.0
                ],
                [
                    0.0,
                    1.0
                ],
                [
                    -1.0,
                    -0.0
                ],
                [
                    -0.0,
                    -1.0
                ]
            ],
            "b": [
                -2.071591666906065,
                3.6936265036319216,
                3.65,
                4.7,
                -0.0,
                -0.0
            ]
        },
        {
            "A": [
                [
                    0.21940990109964262,
                    -0.9756327666183855
                ],
                [
                    1.0,
                    0.0
                ],
                [
                    0.0,
                    1.0
                ],
                [
                    -1.0,
                    -0.0
                ],
                [
                    -0.0,
                    -1.0
                ]
            ],
            "b": [
                -2.6820338721465475,
                3.65,
                4.7,
                -0.0,
                -0.0
            ]
        }
    ],
    "z_values": [
        [
            1.0,
            0.75,
            0.0,
            0.0,
            0.0,
            0.0
        ],
        [
            2.7292612169230597,
            1.5271513905675562,
            0.5665563303656004,
            -0.7853981633974483,
            -0.7853981633974483,
            0.3630536506088088
        ],
        [
            1.441818764724338,
            3.2455944140941684,
            -0.30238918339639914,
            0.7853981633974483,
            3.146163853591663e-05,
            -0.7853981633974483
        ],
        [
            2.75,
            4.0,
            0.0,
            0.0,
            0.0,
            0.0
        ]
    ]
}