{
    "T": [
        0,
        3,
        4,
        1
    ],
    "polytopes": [
        {
            "A": [
                [
                    -0.4287378576835576,
                    0.9034289398668351
                ],
                [
                    -0.07945744047988418,
                    0.9968382592739834
                ],
                [
                    1.0,
                    0.0
                ],
                [
                    0.0,
                    1.0
                ],
                [
                    -1.0,
                    -0.0
                ],
                [
                    -0.0,
                    -1.0
                ]
            ],
            "b": [
                1.0879521084308703,
                2.730472672914101,
                5.0,
                5.0,
                -0.0,
                -0.0
            ]
        },
        {
            "A": [
                [
                    -0.7697074825742597,
                    -0.6383967350082514
                ],
                [
                    0.7600082184983717,
                    0.6499134617892842
                ],
                [
                    1.0,
                    0.0
                ],
                [
                    0.0,
                    1.0
                ],
                [
                    -1.0,
                    -0.0
                ],
                [
                    -0.0,
                    -1.0
                ]
            ],
            "b": [
                -2.193876911727314,
                4.642264823201618,
                5.0,
                5.0,
                -0.0,
                -0.0
            ]
        },
        {
            "A": [
                [
                    0.2235203667205843,
                    -0.974699259085127
                ],
                [
                    1.0,
                    0.0
                ],
                [
                    0.0,
                    1.0
                ],
                [
                    -1.0,
                    -0.0
                ],
                [
                    -0.0,
                    -1.0
                ]
            ],
            "b": [
                -2.4829212344131304,
                5.0,
                5.0,
                -0.0,
                -0.0
            ]
        }
    ],
    "z_values": [
        [
            1.0,
            0.8,
            0.0,
            0.0,
            0.0,
            0.0
        ],
        [
            1.9683279339375328,
            1.4675009116526516,
            0.7048946431941012,
            -0.003596345304483237,
            -0.7853981633974483,
            0.6607064999917169
        ],
        [
            1.4413912719564375,
            3.050404088564189,
            -0.29817404516340346,
            0.7853981633974483,
            0.0,
            -0.7853981633974483
        ],
        [
            4.000000000001953,
            4.000000000000448,
            -0.07696971502689559,
            0.08541664471886144,
            0.0,
            -0.128517620082186
        ]
    ]
}