{
    "T": [
        0,
        3,
        4,
        1
    ],
    "polytopes": [
        {
            "A": [
                [
                    -0.9927104287324309,
                    0.12052387599921151
                ],
                [
                    1.0,
                    0.0
                ],
                [
                    0.0,
                    1.0
                ],
                [
                    -1.0,
                    -0.0
                ],
                [
                    -0.0,
                    -1.0
                ]
            ],
            "b": [
                -2.9083465930194263,
                5.0,
                5.0,
                -0.0,
                -0.0
            ]
        },
        {
            "A": [
                [
                    0.7652756115715879,
                    0.6437027561955379
                ],
                [
                    -0.7510956873440011,
                    -0.6601933568684576
                ],
                [
                    1.0,
                    0.0
                ],
                [
                    0.0,
                    1.0
                ],
                [
                    -1.0,
                    -0.0
                ],
                [
                    -0.0,
                    -1.0
                ]
            ],
            "b": [
                4.182592679953995,
                -1.3691891433214816,
                5.0,
                5.0,
                -0.0,
                -0.0
            ]
        },
        {
            "A": [
                [
                    0.05272655018101444,
                    -0.9986089879958067
                ],
                [
                    1.0,
                    0.0
                ],
                [
                    0.0,
                    1.0
                ],
                [
                    -1.0,
                    -0.0
                ],
                [
                    -0.0,
                    -1.0
                ]
            ],
            "b": [
                -3.1924331142610107,
                5.0,
                5.0,
                -0.0,
                -0.0
            ]
        }
    ],
    "z_values": [
        [
            4.0,
            3.0,
            0.0,
            0.0,
            0.0,
            0.0
        ],
        [
            3.305952242377656,
            1.7040739875245503,
            -0.12081758837762441,
            -0.18980966631693147,
            -0.7853981633974483,
            0.7853981633974483
        ],
        [
            1.7993264542759695,
            3.460243948864807,
            -0.4708477657840328,
            0.7853981633974483,
            0.08199248761539318,
            -0.7853981633974483
        ],
        [
            3.0,
            4.2,
            0.0,
            0.0,
            0.0,
            0.0
        ]
    ]
}