{
    "T": [
        0,
        3,
        4,
        1
    ],
    "polytopes": [
        {
            "A": [
                [
                    -0.428732262840284,
                    0.9034315949754301
                ],
                [
                    -0.07945296772967732,
                    0.9968386157843941
                ],
                [
                    1.0,
                    0.0
                ],
                [
                    0.0,
                    1.0
                ],
                [
                    -1.0,
                    -0.0
                ],
                [
                    -0.0,
                    -1.0
                ]
            ],
            "b": [
                1.0879631889406762,
                2.7304912039966602,
                5.0,
                5.0,
                -0.0,
                -0.0
            ]
        },
        {
            "A": [
                [
                    -0.9976857991395018,
                    0.06799298636898954
                ],
                [
                    1.0,
                    0.0
                ],
                [
                    0.0,
                    1.0
                ],
                [
                    -1.0,
                    -0.0
                ],
                [
                    -0.0,
                    -1.0
                ]
            ],
            "b": [
                -3.683596008218639,
                5.0,
                5.0,
                -0.0,
                -0.0
            ]
        },
        {
            "A": [
                [
                    0.2235203667205843,
                    -0.974699259085127
                ],
                [
                    1.0,
                    0.0
                ],
                [
                    0.0,
                    1.0
                ],
                [
                    -1.0,
                    -0.0
                ],
                [
                    -0.0,
                    -1.0
                ]
            ],
            "b": [
                -2.4829212344131304,
                5.0,
                5.0,
                -0.0,
                -0.0
            ]
        }
    ],
    "z_values": [
        [
            1.0,
            1.0,
            0.0,
            0.0,
            0.0,
            0.0
        ],
        [
            4.386328140191583,
            2.5058930606322254,
            0.7108425586148334,
            -0.7108425586148305,
            -0.7853981633974483,
            -0.34761682443028946
        ],
        [
            4.37521756440457,
            4.103810789487733,
            -0.5883043316725881,
            0.5883043316725911,
            -0.27277227675491766,
            0.7853981633974483
        ],
        [
            4.000000000001953,
            4.000000000000448,
            -0.07696971502689559,
            0.08541664471886144,
            0.0,
            -0.128517620082186
        ]
    ]
}