{
    "T": [
        0,
        7,
        8,
        3,
        1
    ],
    "polytopes": [
        {
            "A": [
                [
                    -0.30006132674905767,
                    0.953919912880319
                ],
                [
                    1.0,
                    0.0
                ],
                [
                    0.0,
                    1.0
                ],
                [
                    -1.0,
                    -0.0
                ],
                [
                    -0.0,
                    -1.0
                ]
            ],
            "b": [
                1.2439003968285627,
                3.65,
                4.7,
                -0.0,
                -0.0
            ]
        },
        {
            "A": [
                [
                    0.24241738671474913,
                    0.9701720520703488
                ],
                [
                    -0.9999999953306442,
                    9.663700967841638e-05
                ],
                [
                    1.0,
                    0.0
                ],
                [
                    0.0,
                    1.0
                ],
                [
                    -1.0,
                    -0.0
                ],
                [
                    -0.0,
                    -1.0
                ]
            ],
            "b": [
                3.407421548455147,
                -1.099833980530673,
                3.65,
                4.7,
                -0.0,
                -0.0
            ]
        },
        {
            "A": [
                [
                    -0.3215723390753345,
                    -0.9468850145300739
                ],
                [
                    0.9999999996826381,
                    2.519372158473219e-05
                ],
                [
                    1.0,
                    0.0
                ],
                [
                    0.0,
                    1.0
                ],
                [
                    -1.0,
                    -0.0
                ],
                [
                    -0.0,
                    -1.0
                ]
            ],
            "b": [
                -2.294843852769519,
                2.450077736833787,
                3.65,
                4.7,
                -0.0,
                -0.0
            ]
        },
        {
            "A": [
                [
                    0.21940990109964262,
                    -0.9756327666183855
                ],
                [
                    1.0,
                    0.0
                ],
                [
                    0.0,
                    1.0
                ],
                [
                    -1.0,
                    -0.0
                ],
                [
                    -0.0,
                    -1.0
                ]
            ],
            "b": [
                -2.6820338721465475,
                3.65,
                4.7,
                -0.0,
                -0.0
            ]
        }
    ],
    "z_values": [
        [
            1.0,
            0.75,
            0.0,
            0.0,
            0.0,
            0.0
        ],
        [
            3.023436855871869,
            1.6196861320362632,
            0.5665563303656026,
            -0.5665563303656,
            -0.7853981633974483,
            -0.05822871054965727
        ],
        [
            1.843948373644331,
            2.5143802776873625,
            0.7854233571190408,
            -0.7853981633974483,
            0.02292353831843853,
            -0.10930584316245548
        ],
        [
            1.3890584311088259,
            3.2337291427755623,
            -0.3023891833867922,
            0.7853981633974483,
            0.0,
            -0.7853981633974483
        ],
        [
            2.75,
            4.0,
            0.0,
            0.0,
            0.0,
            0.0
        ]
    ]
}