{
    "T": [
        0,
        3,
        4,
        1
    ],
    "polytopes": [
        {
            "A": [
                [
                    -0.428732262840284,
                    0.9034315949754301
                ],
                [
                    -0.07945296772967732,
                    0.9968386157843941
                ],
                [
                    1.0,
                    0.0
                ],
                [
                    0.0,
                    1.0
                ],
                [
                    -1.0,
                    -0.0
                ],
                [
                    -0.0,
                    -1.0
                ]
            ],
            "b": [
                1.0879631889406762,
                2.7304912039966602,
                5.0,
                5.0,
                -0.0,
                -0.0
            ]
        },
        {
            "A": [
                [
                    0.9999999949394562,
                    0.00010060361473142788
                ],
                [
                    -0.450709536116425,
                    -0.8926706638249724
                ],
                [
                    1.0,
                    0.0
                ],
                [
                    0.0,
                    1.0
                ],
                [
                    -1.0,
                    -0.0
                ],
                [
                    -0.0,
                    -1.0
                ]
            ],
            "b": [
                3.5003104548858976,
                -2.3482908273750818,
                5.0,
                5.0,
                -0.0,
                -0.0
            ]
        },
        {
            "A": [
                [
                    0.2235203667205843,
                    -0.974699259085127
                ],
                [
                    1.0,
                    0.0
                ],
                [
                    0.0,
                    1.0
                ],
                [
                    -1.0,
                    -0.0
                ],
                [
                    -0.0,
                    -1.0
                ]
            ],
            "b": [
                -2.4829212344131304,
                5.0,
                5.0,
                -0.0,
                -0.0
            ]
        }
    ],
    "z_values": [
        [
            1.0,
            1.0,
            0.0,
            0.0,
            0.0,
            0.0
        ],
        [
            2.304681383714605,
            2.111869231085703,
            0.9666878381039323,
            -0.7853981633974483,
            0.7853981633974483,
            0.37595357319807804
        ],
        [
            0.90796786111496,
            2.928078155411478,
            -0.2981740451634056,
            0.7853981633974483,
            0.0,
            -0.7853981633974483
        ],
        [
            4.000000000001953,
            4.000000000000448,
            -0.07696971502689559,
            0.08541664471886144,
            0.0,
            -0.128517620082186
        ]
    ]
}