{
    "T": [
        0,
        3,
        4,
        1
    ],
    "polytopes": [
        {
            "A": [
                [
                    -0.9927104287267792,
                    0.12052387604576242
                ],
                [
                    1.0,
                    0.0
                ],
                [
                    0.0,
                    1.0
                ],
                [
                    -1.0,
                    -0.0
                ],
                [
                    -0.0,
                    -1.0
                ]
            ],
            "b": [
                -2.9083465928587957,
                5.0,
                5.0,
                -0.0,
                -0.0
            ]
        },
        {
            "A": [
                [
                    -0.8128122091098914,
                    -0.5825258043399438
                ],
                [
                    0.9145962637920593,
                    0.40436824091118445
                ],
                [
                    1.0,
                    0.0
                ],
                [
                    0.0,
                    1.0
                ],
                [
                    -1.0,
                    -0.0
                ],
                [
                    -0.0,
                    -1.0
                ]
            ],
            "b": [
                -1.3431830827558433,
                3.8856522997760843,
                5.0,
                5.0,
                -0.0,
                -0.0
            ]
        },
        {
            "A": [
                [
                    0.052726550187726054,
                    -0.9986089879954522
                ],
                [
                    1.0,
                    0.0
                ],
                [
                    0.0,
                    1.0
                ],
                [
                    -1.0,
                    -0.0
                ],
                [
                    -0.0,
                    -1.0
                ]
            ],
            "b": [
                -3.1924331142403597,
                5.0,
                5.0,
                -0.0,
                -0.0
            ]
        }
    ],
    "z_values": [
        [
            4.0,
            3.0,
            0.0,
            0.0,
            0.0,
            0.0
        ],
        [
            3.2840068967620675,
            1.181733506637143,
            -0.23802774920271805,
            -0.7722724468221239,
            -0.4063886148298689,
            0.7853981633974483
        ],
        [
            0.8873292525347063,
            3.4120902480256285,
            -0.47084776404485196,
            0.7853981633974483,
            0.0,
            -0.7853981633974483
        ],
        [
            3.0,
            4.2,
            0.0,
            0.0,
            0.0,
            0.0
        ]
    ]
}