2025-05-28 04:02:01,110 INFO  Logger.cs: 70 - 
--------------------------------------------------------------------------------
2025-05-28 04:02:01,145 INFO  Logger.cs: 71 - Logging commencing for SW2URDF exporter
2025-05-28 04:02:01,146 INFO  Logger.cs: 73 - Commit version 1.6.0-4-g7f85cfe
2025-05-28 04:02:01,146 INFO  Logger.cs: 74 - Build version 1.6.7995.38578
2025-05-28 04:02:01,148 INFO  SwAddin.cs: 192 - Attempting to connect to SW
2025-05-28 04:02:01,149 INFO  SwAddin.cs: 197 - Setting up callbacks
2025-05-28 04:02:01,149 INFO  SwAddin.cs: 201 - Setting up command manager
2025-05-28 04:02:01,151 INFO  SwAddin.cs: 204 - Adding command manager
2025-05-28 04:02:01,152 INFO  SwAddin.cs: 263 - Adding Assembly export to file menu
2025-05-28 04:02:01,154 INFO  SwAddin.cs: 272 - Adding Part export to file menu
2025-05-28 04:02:01,155 INFO  SwAddin.cs: 210 - Adding event handlers
2025-05-28 04:02:01,170 INFO  SwAddin.cs: 217 - Connecting plugin to SolidWorks
2025-05-28 04:03:56,077 INFO  SwAddin.cs: 294 - Assembly export called for file Robot_No_electric
2025-05-28 04:03:56,079 INFO  SwAddin.cs: 299 - Save is required
2025-05-28 04:03:56,080 INFO  SwAddin.cs: 313 - Saving assembly
2025-05-28 04:03:59,096 INFO  SwAddin.cs: 316 - Opening property manager
2025-05-28 04:03:59,115 INFO  ExportHelperExtension.cs: 1125 - Retrieving features of type [CoordSys] from Robot_No_electric
2025-05-28 04:03:59,122 INFO  ExportHelperExtension.cs: 1136 - Found 152 in Robot_No_electric
2025-05-28 04:03:59,123 INFO  ExportHelperExtension.cs: 1145 - Found 7 features of type [CoordSys] in Robot_No_electric
2025-05-28 04:03:59,124 INFO  ExportHelperExtension.cs: 1148 - Proceeding through assembly components
2025-05-28 04:03:59,126 INFO  ExportHelperExtension.cs: 1160 - 32 components to check
2025-05-28 04:03:59,127 INFO  ExportHelperExtension.cs: 1125 - Retrieving features of type [CoordSys] from 37 mm DC Geared Motor Mounting Bracket-2
2025-05-28 04:03:59,127 INFO  ExportHelperExtension.cs: 1136 - Found 48 in 37 mm DC Geared Motor Mounting Bracket-2
2025-05-28 04:03:59,128 INFO  ExportHelperExtension.cs: 1145 - Found 0 features of type [CoordSys] in 37 mm DC Geared Motor Mounting Bracket-2
2025-05-28 04:03:59,130 INFO  ExportHelperExtension.cs: 1125 - Retrieving features of type [CoordSys] from 37 mm DC Geared Motor Mounting Bracket-1
2025-05-28 04:03:59,130 INFO  ExportHelperExtension.cs: 1136 - Found 48 in 37 mm DC Geared Motor Mounting Bracket-1
2025-05-28 04:03:59,131 INFO  ExportHelperExtension.cs: 1145 - Found 0 features of type [CoordSys] in 37 mm DC Geared Motor Mounting Bracket-1
2025-05-28 04:03:59,132 INFO  ExportHelperExtension.cs: 1125 - Retrieving features of type [CoordSys] from Motor JGB37-545-11
2025-05-28 04:03:59,132 INFO  ExportHelperExtension.cs: 1136 - Found 67 in Motor JGB37-545-11
2025-05-28 04:03:59,133 INFO  ExportHelperExtension.cs: 1145 - Found 0 features of type [CoordSys] in Motor JGB37-545-11
2025-05-28 04:03:59,134 INFO  ExportHelperExtension.cs: 1125 - Retrieving features of type [CoordSys] from 37 mm DC Geared Motor Mounting Bracket-3
2025-05-28 04:03:59,134 INFO  ExportHelperExtension.cs: 1136 - Found 48 in 37 mm DC Geared Motor Mounting Bracket-3
2025-05-28 04:03:59,135 INFO  ExportHelperExtension.cs: 1145 - Found 0 features of type [CoordSys] in 37 mm DC Geared Motor Mounting Bracket-3
2025-05-28 04:03:59,135 INFO  ExportHelperExtension.cs: 1125 - Retrieving features of type [CoordSys] from floor_1-1
2025-05-28 04:03:59,136 INFO  ExportHelperExtension.cs: 1136 - Found 37 in floor_1-1
2025-05-28 04:03:59,136 INFO  ExportHelperExtension.cs: 1145 - Found 0 features of type [CoordSys] in floor_1-1
2025-05-28 04:03:59,137 INFO  ExportHelperExtension.cs: 1125 - Retrieving features of type [CoordSys] from 37 mm DC Geared Motor Mounting Bracket-4
2025-05-28 04:03:59,182 INFO  ExportHelperExtension.cs: 1136 - Found 48 in 37 mm DC Geared Motor Mounting Bracket-4
2025-05-28 04:03:59,183 INFO  ExportHelperExtension.cs: 1145 - Found 0 features of type [CoordSys] in 37 mm DC Geared Motor Mounting Bracket-4
2025-05-28 04:03:59,183 INFO  ExportHelperExtension.cs: 1125 - Retrieving features of type [CoordSys] from Motor JGB37-545-10
2025-05-28 04:03:59,185 INFO  ExportHelperExtension.cs: 1136 - Found 67 in Motor JGB37-545-10
2025-05-28 04:03:59,186 INFO  ExportHelperExtension.cs: 1145 - Found 0 features of type [CoordSys] in Motor JGB37-545-10
2025-05-28 04:03:59,186 INFO  ExportHelperExtension.cs: 1125 - Retrieving features of type [CoordSys] from floor_2-1
2025-05-28 04:03:59,186 INFO  ExportHelperExtension.cs: 1136 - Found 57 in floor_2-1
2025-05-28 04:03:59,187 INFO  ExportHelperExtension.cs: 1145 - Found 0 features of type [CoordSys] in floor_2-1
2025-05-28 04:03:59,187 INFO  ExportHelperExtension.cs: 1125 - Retrieving features of type [CoordSys] from Mecanum_Wheel_97mm_Left_ASM-1
2025-05-28 04:03:59,188 INFO  ExportHelperExtension.cs: 1136 - Found 82 in Mecanum_Wheel_97mm_Left_ASM-1
2025-05-28 04:03:59,189 INFO  ExportHelperExtension.cs: 1145 - Found 0 features of type [CoordSys] in Mecanum_Wheel_97mm_Left_ASM-1
2025-05-28 04:03:59,189 INFO  ExportHelperExtension.cs: 1125 - Retrieving features of type [CoordSys] from Rplidar_A1-1
2025-05-28 04:03:59,190 INFO  ExportHelperExtension.cs: 1136 - Found 58 in Rplidar_A1-1
2025-05-28 04:03:59,190 INFO  ExportHelperExtension.cs: 1145 - Found 0 features of type [CoordSys] in Rplidar_A1-1
2025-05-28 04:03:59,191 INFO  ExportHelperExtension.cs: 1125 - Retrieving features of type [CoordSys] from Mecanum_Wheel_97mm_Right_ASM-1
2025-05-28 04:03:59,191 INFO  ExportHelperExtension.cs: 1136 - Found 81 in Mecanum_Wheel_97mm_Right_ASM-1
2025-05-28 04:03:59,192 INFO  ExportHelperExtension.cs: 1145 - Found 0 features of type [CoordSys] in Mecanum_Wheel_97mm_Right_ASM-1
2025-05-28 04:03:59,192 INFO  ExportHelperExtension.cs: 1125 - Retrieving features of type [CoordSys] from HEX_M3_60mm-8
2025-05-28 04:03:59,193 INFO  ExportHelperExtension.cs: 1136 - Found 25 in HEX_M3_60mm-8
2025-05-28 04:03:59,193 INFO  ExportHelperExtension.cs: 1145 - Found 0 features of type [CoordSys] in HEX_M3_60mm-8
2025-05-28 04:03:59,194 INFO  ExportHelperExtension.cs: 1125 - Retrieving features of type [CoordSys] from HEX_M3_60mm-9
2025-05-28 04:03:59,194 INFO  ExportHelperExtension.cs: 1136 - Found 25 in HEX_M3_60mm-9
2025-05-28 04:03:59,195 INFO  ExportHelperExtension.cs: 1145 - Found 0 features of type [CoordSys] in HEX_M3_60mm-9
2025-05-28 04:03:59,195 INFO  ExportHelperExtension.cs: 1125 - Retrieving features of type [CoordSys] from HEX_M3_60mm-10
2025-05-28 04:03:59,195 INFO  ExportHelperExtension.cs: 1136 - Found 25 in HEX_M3_60mm-10
2025-05-28 04:03:59,196 INFO  ExportHelperExtension.cs: 1145 - Found 0 features of type [CoordSys] in HEX_M3_60mm-10
2025-05-28 04:03:59,196 INFO  ExportHelperExtension.cs: 1125 - Retrieving features of type [CoordSys] from Mecanum_Wheel_97mm_Right_ASM-2
2025-05-28 04:03:59,197 INFO  ExportHelperExtension.cs: 1136 - Found 81 in Mecanum_Wheel_97mm_Right_ASM-2
2025-05-28 04:03:59,197 INFO  ExportHelperExtension.cs: 1145 - Found 0 features of type [CoordSys] in Mecanum_Wheel_97mm_Right_ASM-2
2025-05-28 04:03:59,197 INFO  ExportHelperExtension.cs: 1125 - Retrieving features of type [CoordSys] from HEX_M3_80mm-6
2025-05-28 04:03:59,198 INFO  ExportHelperExtension.cs: 1136 - Found 25 in HEX_M3_80mm-6
2025-05-28 04:03:59,198 INFO  ExportHelperExtension.cs: 1145 - Found 0 features of type [CoordSys] in HEX_M3_80mm-6
2025-05-28 04:03:59,199 INFO  ExportHelperExtension.cs: 1125 - Retrieving features of type [CoordSys] from Motor JGB37-545-12
2025-05-28 04:03:59,199 INFO  ExportHelperExtension.cs: 1136 - Found 67 in Motor JGB37-545-12
2025-05-28 04:03:59,200 INFO  ExportHelperExtension.cs: 1145 - Found 0 features of type [CoordSys] in Motor JGB37-545-12
2025-05-28 04:03:59,200 INFO  ExportHelperExtension.cs: 1125 - Retrieving features of type [CoordSys] from Motor JGB37-545-13
2025-05-28 04:03:59,200 INFO  ExportHelperExtension.cs: 1136 - Found 67 in Motor JGB37-545-13
2025-05-28 04:03:59,201 INFO  ExportHelperExtension.cs: 1145 - Found 0 features of type [CoordSys] in Motor JGB37-545-13
2025-05-28 04:03:59,201 INFO  ExportHelperExtension.cs: 1125 - Retrieving features of type [CoordSys] from Mecanum_Wheel_97mm_Left_ASM-2
2025-05-28 04:03:59,202 INFO  ExportHelperExtension.cs: 1136 - Found 82 in Mecanum_Wheel_97mm_Left_ASM-2
2025-05-28 04:03:59,202 INFO  ExportHelperExtension.cs: 1145 - Found 0 features of type [CoordSys] in Mecanum_Wheel_97mm_Left_ASM-2
2025-05-28 04:03:59,203 INFO  ExportHelperExtension.cs: 1125 - Retrieving features of type [CoordSys] from HEX_M3_60mm-7
2025-05-28 04:03:59,203 INFO  ExportHelperExtension.cs: 1136 - Found 25 in HEX_M3_60mm-7
2025-05-28 04:03:59,203 INFO  ExportHelperExtension.cs: 1145 - Found 0 features of type [CoordSys] in HEX_M3_60mm-7
2025-05-28 04:03:59,205 INFO  ExportHelperExtension.cs: 1125 - Retrieving features of type [CoordSys] from HEX_M3_80mm-7
2025-05-28 04:03:59,205 INFO  ExportHelperExtension.cs: 1136 - Found 25 in HEX_M3_80mm-7
2025-05-28 04:03:59,206 INFO  ExportHelperExtension.cs: 1145 - Found 0 features of type [CoordSys] in HEX_M3_80mm-7
2025-05-28 04:03:59,206 INFO  ExportHelperExtension.cs: 1125 - Retrieving features of type [CoordSys] from Complete Robotic Arm Assembly (with Dual Manipulator+140mm Shank)-1
2025-05-28 04:03:59,208 INFO  ExportHelperExtension.cs: 1136 - Found 450 in Complete Robotic Arm Assembly (with Dual Manipulator+140mm Shank)-1
2025-05-28 04:03:59,210 INFO  ExportHelperExtension.cs: 1145 - Found 0 features of type [CoordSys] in Complete Robotic Arm Assembly (with Dual Manipulator+140mm Shank)-1
2025-05-28 04:03:59,210 INFO  ExportHelperExtension.cs: 1125 - Retrieving features of type [CoordSys] from floor_3-1
2025-05-28 04:03:59,211 INFO  ExportHelperExtension.cs: 1136 - Found 40 in floor_3-1
2025-05-28 04:03:59,211 INFO  ExportHelperExtension.cs: 1145 - Found 0 features of type [CoordSys] in floor_3-1
2025-05-28 04:03:59,211 INFO  ExportHelperExtension.cs: 1125 - Retrieving features of type [CoordSys] from MPU9255.step-1
2025-05-28 04:03:59,212 INFO  ExportHelperExtension.cs: 1136 - Found 41 in MPU9255.step-1
2025-05-28 04:03:59,212 INFO  ExportHelperExtension.cs: 1145 - Found 0 features of type [CoordSys] in MPU9255.step-1
2025-05-28 04:03:59,213 INFO  ExportHelperExtension.cs: 1125 - Retrieving features of type [CoordSys] from Xuong_F3-1
2025-05-28 04:03:59,213 INFO  ExportHelperExtension.cs: 1136 - Found 35 in Xuong_F3-1
2025-05-28 04:03:59,213 INFO  ExportHelperExtension.cs: 1145 - Found 0 features of type [CoordSys] in Xuong_F3-1
2025-05-28 04:03:59,214 INFO  ExportHelperExtension.cs: 1125 - Retrieving features of type [CoordSys] from HEX_M3_24mm-7
2025-05-28 04:03:59,214 INFO  ExportHelperExtension.cs: 1136 - Found 29 in HEX_M3_24mm-7
2025-05-28 04:03:59,215 INFO  ExportHelperExtension.cs: 1145 - Found 0 features of type [CoordSys] in HEX_M3_24mm-7
2025-05-28 04:03:59,215 INFO  ExportHelperExtension.cs: 1125 - Retrieving features of type [CoordSys] from HEX_M3_24mm-6
2025-05-28 04:03:59,215 INFO  ExportHelperExtension.cs: 1136 - Found 29 in HEX_M3_24mm-6
2025-05-28 04:03:59,216 INFO  ExportHelperExtension.cs: 1145 - Found 0 features of type [CoordSys] in HEX_M3_24mm-6
2025-05-28 04:03:59,216 INFO  ExportHelperExtension.cs: 1125 - Retrieving features of type [CoordSys] from HEX_M3_80mm-8
2025-05-28 04:03:59,216 INFO  ExportHelperExtension.cs: 1136 - Found 25 in HEX_M3_80mm-8
2025-05-28 04:03:59,217 INFO  ExportHelperExtension.cs: 1145 - Found 0 features of type [CoordSys] in HEX_M3_80mm-8
2025-05-28 04:03:59,217 INFO  ExportHelperExtension.cs: 1125 - Retrieving features of type [CoordSys] from HEX_M3_80mm-9
2025-05-28 04:03:59,219 INFO  ExportHelperExtension.cs: 1136 - Found 25 in HEX_M3_80mm-9
2025-05-28 04:03:59,219 INFO  ExportHelperExtension.cs: 1145 - Found 0 features of type [CoordSys] in HEX_M3_80mm-9
2025-05-28 04:03:59,219 INFO  ExportHelperExtension.cs: 1125 - Retrieving features of type [CoordSys] from HEX_M3_24mm-5
2025-05-28 04:03:59,220 INFO  ExportHelperExtension.cs: 1136 - Found 29 in HEX_M3_24mm-5
2025-05-28 04:03:59,220 INFO  ExportHelperExtension.cs: 1145 - Found 0 features of type [CoordSys] in HEX_M3_24mm-5
2025-05-28 04:03:59,220 INFO  ExportHelperExtension.cs: 1125 - Retrieving features of type [CoordSys] from Xuong_F1-1
2025-05-28 04:03:59,221 INFO  ExportHelperExtension.cs: 1136 - Found 32 in Xuong_F1-1
2025-05-28 04:03:59,221 INFO  ExportHelperExtension.cs: 1145 - Found 0 features of type [CoordSys] in Xuong_F1-1
2025-05-28 04:03:59,221 INFO  ExportHelperExtension.cs: 1125 - Retrieving features of type [CoordSys] from HEX_M3_24mm-8
2025-05-28 04:03:59,221 INFO  ExportHelperExtension.cs: 1136 - Found 29 in HEX_M3_24mm-8
2025-05-28 04:03:59,222 INFO  ExportHelperExtension.cs: 1145 - Found 0 features of type [CoordSys] in HEX_M3_24mm-8
2025-05-28 04:03:59,222 INFO  ExportHelperExtension.cs: 1125 - Retrieving features of type [RefAxis] from Robot_No_electric
2025-05-28 04:03:59,223 INFO  ExportHelperExtension.cs: 1136 - Found 152 in Robot_No_electric
2025-05-28 04:03:59,224 INFO  ExportHelperExtension.cs: 1145 - Found 0 features of type [RefAxis] in Robot_No_electric
2025-05-28 04:03:59,224 INFO  ExportHelperExtension.cs: 1148 - Proceeding through assembly components
2025-05-28 04:03:59,224 INFO  ExportHelperExtension.cs: 1160 - 32 components to check
2025-05-28 04:03:59,225 INFO  ExportHelperExtension.cs: 1125 - Retrieving features of type [RefAxis] from 37 mm DC Geared Motor Mounting Bracket-2
2025-05-28 04:03:59,225 INFO  ExportHelperExtension.cs: 1136 - Found 48 in 37 mm DC Geared Motor Mounting Bracket-2
2025-05-28 04:03:59,225 INFO  ExportHelperExtension.cs: 1145 - Found 0 features of type [RefAxis] in 37 mm DC Geared Motor Mounting Bracket-2
2025-05-28 04:03:59,227 INFO  ExportHelperExtension.cs: 1125 - Retrieving features of type [RefAxis] from 37 mm DC Geared Motor Mounting Bracket-1
2025-05-28 04:03:59,227 INFO  ExportHelperExtension.cs: 1136 - Found 48 in 37 mm DC Geared Motor Mounting Bracket-1
2025-05-28 04:03:59,228 INFO  ExportHelperExtension.cs: 1145 - Found 0 features of type [RefAxis] in 37 mm DC Geared Motor Mounting Bracket-1
2025-05-28 04:03:59,228 INFO  ExportHelperExtension.cs: 1125 - Retrieving features of type [RefAxis] from Motor JGB37-545-11
2025-05-28 04:03:59,228 INFO  ExportHelperExtension.cs: 1136 - Found 67 in Motor JGB37-545-11
2025-05-28 04:03:59,229 INFO  ExportHelperExtension.cs: 1145 - Found 0 features of type [RefAxis] in Motor JGB37-545-11
2025-05-28 04:03:59,229 INFO  ExportHelperExtension.cs: 1125 - Retrieving features of type [RefAxis] from 37 mm DC Geared Motor Mounting Bracket-3
2025-05-28 04:03:59,230 INFO  ExportHelperExtension.cs: 1136 - Found 48 in 37 mm DC Geared Motor Mounting Bracket-3
2025-05-28 04:03:59,230 INFO  ExportHelperExtension.cs: 1145 - Found 0 features of type [RefAxis] in 37 mm DC Geared Motor Mounting Bracket-3
2025-05-28 04:03:59,231 INFO  ExportHelperExtension.cs: 1125 - Retrieving features of type [RefAxis] from floor_1-1
2025-05-28 04:03:59,231 INFO  ExportHelperExtension.cs: 1136 - Found 37 in floor_1-1
2025-05-28 04:03:59,232 INFO  ExportHelperExtension.cs: 1145 - Found 0 features of type [RefAxis] in floor_1-1
2025-05-28 04:03:59,232 INFO  ExportHelperExtension.cs: 1125 - Retrieving features of type [RefAxis] from 37 mm DC Geared Motor Mounting Bracket-4
2025-05-28 04:03:59,232 INFO  ExportHelperExtension.cs: 1136 - Found 48 in 37 mm DC Geared Motor Mounting Bracket-4
2025-05-28 04:03:59,233 INFO  ExportHelperExtension.cs: 1145 - Found 0 features of type [RefAxis] in 37 mm DC Geared Motor Mounting Bracket-4
2025-05-28 04:03:59,233 INFO  ExportHelperExtension.cs: 1125 - Retrieving features of type [RefAxis] from Motor JGB37-545-10
2025-05-28 04:03:59,234 INFO  ExportHelperExtension.cs: 1136 - Found 67 in Motor JGB37-545-10
2025-05-28 04:03:59,234 INFO  ExportHelperExtension.cs: 1145 - Found 0 features of type [RefAxis] in Motor JGB37-545-10
2025-05-28 04:03:59,235 INFO  ExportHelperExtension.cs: 1125 - Retrieving features of type [RefAxis] from floor_2-1
2025-05-28 04:03:59,235 INFO  ExportHelperExtension.cs: 1136 - Found 57 in floor_2-1
2025-05-28 04:03:59,236 INFO  ExportHelperExtension.cs: 1145 - Found 0 features of type [RefAxis] in floor_2-1
2025-05-28 04:03:59,236 INFO  ExportHelperExtension.cs: 1125 - Retrieving features of type [RefAxis] from Mecanum_Wheel_97mm_Left_ASM-1
2025-05-28 04:03:59,237 INFO  ExportHelperExtension.cs: 1136 - Found 82 in Mecanum_Wheel_97mm_Left_ASM-1
2025-05-28 04:03:59,237 INFO  ExportHelperExtension.cs: 1145 - Found 0 features of type [RefAxis] in Mecanum_Wheel_97mm_Left_ASM-1
2025-05-28 04:03:59,237 INFO  ExportHelperExtension.cs: 1125 - Retrieving features of type [RefAxis] from Rplidar_A1-1
2025-05-28 04:03:59,237 INFO  ExportHelperExtension.cs: 1136 - Found 58 in Rplidar_A1-1
2025-05-28 04:03:59,239 INFO  ExportHelperExtension.cs: 1145 - Found 0 features of type [RefAxis] in Rplidar_A1-1
2025-05-28 04:03:59,239 INFO  ExportHelperExtension.cs: 1125 - Retrieving features of type [RefAxis] from Mecanum_Wheel_97mm_Right_ASM-1
2025-05-28 04:03:59,239 INFO  ExportHelperExtension.cs: 1136 - Found 81 in Mecanum_Wheel_97mm_Right_ASM-1
2025-05-28 04:03:59,240 INFO  ExportHelperExtension.cs: 1145 - Found 0 features of type [RefAxis] in Mecanum_Wheel_97mm_Right_ASM-1
2025-05-28 04:03:59,240 INFO  ExportHelperExtension.cs: 1125 - Retrieving features of type [RefAxis] from HEX_M3_60mm-8
2025-05-28 04:03:59,241 INFO  ExportHelperExtension.cs: 1136 - Found 25 in HEX_M3_60mm-8
2025-05-28 04:03:59,241 INFO  ExportHelperExtension.cs: 1145 - Found 0 features of type [RefAxis] in HEX_M3_60mm-8
2025-05-28 04:03:59,241 INFO  ExportHelperExtension.cs: 1125 - Retrieving features of type [RefAxis] from HEX_M3_60mm-9
2025-05-28 04:03:59,242 INFO  ExportHelperExtension.cs: 1136 - Found 25 in HEX_M3_60mm-9
2025-05-28 04:03:59,242 INFO  ExportHelperExtension.cs: 1145 - Found 0 features of type [RefAxis] in HEX_M3_60mm-9
2025-05-28 04:03:59,242 INFO  ExportHelperExtension.cs: 1125 - Retrieving features of type [RefAxis] from HEX_M3_60mm-10
2025-05-28 04:03:59,243 INFO  ExportHelperExtension.cs: 1136 - Found 25 in HEX_M3_60mm-10
2025-05-28 04:03:59,243 INFO  ExportHelperExtension.cs: 1145 - Found 0 features of type [RefAxis] in HEX_M3_60mm-10
2025-05-28 04:03:59,243 INFO  ExportHelperExtension.cs: 1125 - Retrieving features of type [RefAxis] from Mecanum_Wheel_97mm_Right_ASM-2
2025-05-28 04:03:59,244 INFO  ExportHelperExtension.cs: 1136 - Found 81 in Mecanum_Wheel_97mm_Right_ASM-2
2025-05-28 04:03:59,244 INFO  ExportHelperExtension.cs: 1145 - Found 0 features of type [RefAxis] in Mecanum_Wheel_97mm_Right_ASM-2
2025-05-28 04:03:59,244 INFO  ExportHelperExtension.cs: 1125 - Retrieving features of type [RefAxis] from HEX_M3_80mm-6
2025-05-28 04:03:59,245 INFO  ExportHelperExtension.cs: 1136 - Found 25 in HEX_M3_80mm-6
2025-05-28 04:03:59,245 INFO  ExportHelperExtension.cs: 1145 - Found 0 features of type [RefAxis] in HEX_M3_80mm-6
2025-05-28 04:03:59,246 INFO  ExportHelperExtension.cs: 1125 - Retrieving features of type [RefAxis] from Motor JGB37-545-12
2025-05-28 04:03:59,246 INFO  ExportHelperExtension.cs: 1136 - Found 67 in Motor JGB37-545-12
2025-05-28 04:03:59,246 INFO  ExportHelperExtension.cs: 1145 - Found 0 features of type [RefAxis] in Motor JGB37-545-12
2025-05-28 04:03:59,247 INFO  ExportHelperExtension.cs: 1125 - Retrieving features of type [RefAxis] from Motor JGB37-545-13
2025-05-28 04:03:59,247 INFO  ExportHelperExtension.cs: 1136 - Found 67 in Motor JGB37-545-13
2025-05-28 04:03:59,247 INFO  ExportHelperExtension.cs: 1145 - Found 0 features of type [RefAxis] in Motor JGB37-545-13
2025-05-28 04:03:59,249 INFO  ExportHelperExtension.cs: 1125 - Retrieving features of type [RefAxis] from Mecanum_Wheel_97mm_Left_ASM-2
2025-05-28 04:03:59,249 INFO  ExportHelperExtension.cs: 1136 - Found 82 in Mecanum_Wheel_97mm_Left_ASM-2
2025-05-28 04:03:59,250 INFO  ExportHelperExtension.cs: 1145 - Found 0 features of type [RefAxis] in Mecanum_Wheel_97mm_Left_ASM-2
2025-05-28 04:03:59,250 INFO  ExportHelperExtension.cs: 1125 - Retrieving features of type [RefAxis] from HEX_M3_60mm-7
2025-05-28 04:03:59,250 INFO  ExportHelperExtension.cs: 1136 - Found 25 in HEX_M3_60mm-7
2025-05-28 04:03:59,251 INFO  ExportHelperExtension.cs: 1145 - Found 0 features of type [RefAxis] in HEX_M3_60mm-7
2025-05-28 04:03:59,251 INFO  ExportHelperExtension.cs: 1125 - Retrieving features of type [RefAxis] from HEX_M3_80mm-7
2025-05-28 04:03:59,251 INFO  ExportHelperExtension.cs: 1136 - Found 25 in HEX_M3_80mm-7
2025-05-28 04:03:59,252 INFO  ExportHelperExtension.cs: 1145 - Found 0 features of type [RefAxis] in HEX_M3_80mm-7
2025-05-28 04:03:59,252 INFO  ExportHelperExtension.cs: 1125 - Retrieving features of type [RefAxis] from Complete Robotic Arm Assembly (with Dual Manipulator+140mm Shank)-1
2025-05-28 04:03:59,253 INFO  ExportHelperExtension.cs: 1136 - Found 450 in Complete Robotic Arm Assembly (with Dual Manipulator+140mm Shank)-1
2025-05-28 04:03:59,254 INFO  ExportHelperExtension.cs: 1145 - Found 0 features of type [RefAxis] in Complete Robotic Arm Assembly (with Dual Manipulator+140mm Shank)-1
2025-05-28 04:03:59,254 INFO  ExportHelperExtension.cs: 1125 - Retrieving features of type [RefAxis] from floor_3-1
2025-05-28 04:03:59,254 INFO  ExportHelperExtension.cs: 1136 - Found 40 in floor_3-1
2025-05-28 04:03:59,255 INFO  ExportHelperExtension.cs: 1145 - Found 0 features of type [RefAxis] in floor_3-1
2025-05-28 04:03:59,255 INFO  ExportHelperExtension.cs: 1125 - Retrieving features of type [RefAxis] from MPU9255.step-1
2025-05-28 04:03:59,255 INFO  ExportHelperExtension.cs: 1136 - Found 41 in MPU9255.step-1
2025-05-28 04:03:59,269 INFO  ExportHelperExtension.cs: 1145 - Found 0 features of type [RefAxis] in MPU9255.step-1
2025-05-28 04:03:59,269 INFO  ExportHelperExtension.cs: 1125 - Retrieving features of type [RefAxis] from Xuong_F3-1
2025-05-28 04:03:59,295 INFO  ExportHelperExtension.cs: 1136 - Found 35 in Xuong_F3-1
2025-05-28 04:03:59,297 INFO  ExportHelperExtension.cs: 1145 - Found 0 features of type [RefAxis] in Xuong_F3-1
2025-05-28 04:03:59,298 INFO  ExportHelperExtension.cs: 1125 - Retrieving features of type [RefAxis] from HEX_M3_24mm-7
2025-05-28 04:03:59,299 INFO  ExportHelperExtension.cs: 1136 - Found 29 in HEX_M3_24mm-7
2025-05-28 04:03:59,300 INFO  ExportHelperExtension.cs: 1145 - Found 0 features of type [RefAxis] in HEX_M3_24mm-7
2025-05-28 04:03:59,300 INFO  ExportHelperExtension.cs: 1125 - Retrieving features of type [RefAxis] from HEX_M3_24mm-6
2025-05-28 04:03:59,301 INFO  ExportHelperExtension.cs: 1136 - Found 29 in HEX_M3_24mm-6
2025-05-28 04:03:59,302 INFO  ExportHelperExtension.cs: 1145 - Found 0 features of type [RefAxis] in HEX_M3_24mm-6
2025-05-28 04:03:59,303 INFO  ExportHelperExtension.cs: 1125 - Retrieving features of type [RefAxis] from HEX_M3_80mm-8
2025-05-28 04:03:59,304 INFO  ExportHelperExtension.cs: 1136 - Found 25 in HEX_M3_80mm-8
2025-05-28 04:03:59,305 INFO  ExportHelperExtension.cs: 1145 - Found 0 features of type [RefAxis] in HEX_M3_80mm-8
2025-05-28 04:03:59,306 INFO  ExportHelperExtension.cs: 1125 - Retrieving features of type [RefAxis] from HEX_M3_80mm-9
2025-05-28 04:03:59,307 INFO  ExportHelperExtension.cs: 1136 - Found 25 in HEX_M3_80mm-9
2025-05-28 04:03:59,307 INFO  ExportHelperExtension.cs: 1145 - Found 0 features of type [RefAxis] in HEX_M3_80mm-9
2025-05-28 04:03:59,308 INFO  ExportHelperExtension.cs: 1125 - Retrieving features of type [RefAxis] from HEX_M3_24mm-5
2025-05-28 04:03:59,309 INFO  ExportHelperExtension.cs: 1136 - Found 29 in HEX_M3_24mm-5
2025-05-28 04:03:59,310 INFO  ExportHelperExtension.cs: 1145 - Found 0 features of type [RefAxis] in HEX_M3_24mm-5
2025-05-28 04:03:59,311 INFO  ExportHelperExtension.cs: 1125 - Retrieving features of type [RefAxis] from Xuong_F1-1
2025-05-28 04:03:59,312 INFO  ExportHelperExtension.cs: 1136 - Found 32 in Xuong_F1-1
2025-05-28 04:03:59,313 INFO  ExportHelperExtension.cs: 1145 - Found 0 features of type [RefAxis] in Xuong_F1-1
2025-05-28 04:03:59,313 INFO  ExportHelperExtension.cs: 1125 - Retrieving features of type [RefAxis] from HEX_M3_24mm-8
2025-05-28 04:03:59,314 INFO  ExportHelperExtension.cs: 1136 - Found 29 in HEX_M3_24mm-8
2025-05-28 04:03:59,315 INFO  ExportHelperExtension.cs: 1145 - Found 0 features of type [RefAxis] in HEX_M3_24mm-8
2025-05-28 04:03:59,651 INFO  SwAddin.cs: 339 - Loading config tree
2025-05-28 04:03:59,657 INFO  ExportPropertyManagerExtension.cs: 520 - Starting new configuration
2025-05-28 04:03:59,662 INFO  SwAddin.cs: 344 - Showing property manager
2025-05-28 04:04:18,252 INFO  ExportPropertyManager.cs: 1136 - OnNumberBoxTrackingCompleted called. This method no longer throws an Exception. It just silently does nothing. Ok, except for this logging message
2025-05-28 04:04:18,419 INFO  ExportPropertyManager.cs: 1136 - OnNumberBoxTrackingCompleted called. This method no longer throws an Exception. It just silently does nothing. Ok, except for this logging message
2025-05-28 04:04:18,604 INFO  ExportPropertyManager.cs: 1136 - OnNumberBoxTrackingCompleted called. This method no longer throws an Exception. It just silently does nothing. Ok, except for this logging message
2025-05-28 04:04:18,822 INFO  ExportPropertyManager.cs: 1136 - OnNumberBoxTrackingCompleted called. This method no longer throws an Exception. It just silently does nothing. Ok, except for this logging message
2025-05-28 04:04:19,018 INFO  ExportPropertyManager.cs: 1136 - OnNumberBoxTrackingCompleted called. This method no longer throws an Exception. It just silently does nothing. Ok, except for this logging message
2025-05-28 04:04:19,226 INFO  ExportPropertyManager.cs: 1136 - OnNumberBoxTrackingCompleted called. This method no longer throws an Exception. It just silently does nothing. Ok, except for this logging message
2025-05-28 04:04:32,476 INFO  ExportPropertyManager.cs: 1018 - OnComboboxSelectionChanged called. This method no longer throws an Exception. It just silently does nothing. Ok, except for this logging message
2025-05-28 04:04:57,514 INFO  ExportPropertyManager.cs: 1018 - OnComboboxSelectionChanged called. This method no longer throws an Exception. It just silently does nothing. Ok, except for this logging message
2025-05-28 04:04:59,706 INFO  ExportPropertyManager.cs: 1018 - OnComboboxSelectionChanged called. This method no longer throws an Exception. It just silently does nothing. Ok, except for this logging message
2025-05-28 04:05:01,241 INFO  ExportPropertyManager.cs: 1018 - OnComboboxSelectionChanged called. This method no longer throws an Exception. It just silently does nothing. Ok, except for this logging message
2025-05-28 04:05:37,787 INFO  ExportPropertyManager.cs: 1018 - OnComboboxSelectionChanged called. This method no longer throws an Exception. It just silently does nothing. Ok, except for this logging message
2025-05-28 04:05:39,388 INFO  ExportPropertyManager.cs: 1018 - OnComboboxSelectionChanged called. This method no longer throws an Exception. It just silently does nothing. Ok, except for this logging message
2025-05-28 04:05:40,585 INFO  ExportPropertyManager.cs: 1018 - OnComboboxSelectionChanged called. This method no longer throws an Exception. It just silently does nothing. Ok, except for this logging message
2025-05-28 04:06:04,633 INFO  ExportPropertyManager.cs: 1018 - OnComboboxSelectionChanged called. This method no longer throws an Exception. It just silently does nothing. Ok, except for this logging message
2025-05-28 04:06:05,969 INFO  ExportPropertyManager.cs: 1018 - OnComboboxSelectionChanged called. This method no longer throws an Exception. It just silently does nothing. Ok, except for this logging message
2025-05-28 04:06:07,257 INFO  ExportPropertyManager.cs: 1018 - OnComboboxSelectionChanged called. This method no longer throws an Exception. It just silently does nothing. Ok, except for this logging message
2025-05-28 04:06:43,057 INFO  ExportPropertyManager.cs: 1018 - OnComboboxSelectionChanged called. This method no longer throws an Exception. It just silently does nothing. Ok, except for this logging message
2025-05-28 04:06:44,486 INFO  ExportPropertyManager.cs: 1018 - OnComboboxSelectionChanged called. This method no longer throws an Exception. It just silently does nothing. Ok, except for this logging message
2025-05-28 04:06:45,713 INFO  ExportPropertyManager.cs: 1018 - OnComboboxSelectionChanged called. This method no longer throws an Exception. It just silently does nothing. Ok, except for this logging message
2025-05-28 04:07:08,764 INFO  ExportPropertyManager.cs: 1018 - OnComboboxSelectionChanged called. This method no longer throws an Exception. It just silently does nothing. Ok, except for this logging message
2025-05-28 04:07:12,351 INFO  ExportPropertyManager.cs: 1018 - OnComboboxSelectionChanged called. This method no longer throws an Exception. It just silently does nothing. Ok, except for this logging message
2025-05-28 04:07:13,737 INFO  ExportPropertyManager.cs: 1018 - OnComboboxSelectionChanged called. This method no longer throws an Exception. It just silently does nothing. Ok, except for this logging message
2025-05-28 04:07:42,466 INFO  ExportPropertyManager.cs: 1018 - OnComboboxSelectionChanged called. This method no longer throws an Exception. It just silently does nothing. Ok, except for this logging message
2025-05-28 04:07:43,708 INFO  ExportPropertyManager.cs: 1018 - OnComboboxSelectionChanged called. This method no longer throws an Exception. It just silently does nothing. Ok, except for this logging message
2025-05-28 04:07:44,986 INFO  ExportPropertyManager.cs: 1018 - OnComboboxSelectionChanged called. This method no longer throws an Exception. It just silently does nothing. Ok, except for this logging message
2025-05-28 04:07:56,892 INFO  ExportPropertyManager.cs: 1136 - OnNumberBoxTrackingCompleted called. This method no longer throws an Exception. It just silently does nothing. Ok, except for this logging message
2025-05-28 04:08:15,979 INFO  ExportPropertyManager.cs: 1018 - OnComboboxSelectionChanged called. This method no longer throws an Exception. It just silently does nothing. Ok, except for this logging message
2025-05-28 04:08:17,422 INFO  ExportPropertyManager.cs: 1018 - OnComboboxSelectionChanged called. This method no longer throws an Exception. It just silently does nothing. Ok, except for this logging message
2025-05-28 04:08:18,719 INFO  ExportPropertyManager.cs: 1018 - OnComboboxSelectionChanged called. This method no longer throws an Exception. It just silently does nothing. Ok, except for this logging message
2025-05-28 04:08:40,841 INFO  ExportPropertyManager.cs: 1036 - OnListboxSelectionChanged called. This method no longer throws an Exception. It just silently does nothing. Ok, except for this logging message
2025-05-28 04:08:46,094 INFO  ExportPropertyManager.cs: 1036 - OnListboxSelectionChanged called. This method no longer throws an Exception. It just silently does nothing. Ok, except for this logging message
2025-05-28 04:08:48,398 INFO  ExportPropertyManager.cs: 1036 - OnListboxSelectionChanged called. This method no longer throws an Exception. It just silently does nothing. Ok, except for this logging message
2025-05-28 04:08:49,390 INFO  ExportPropertyManager.cs: 1036 - OnListboxSelectionChanged called. This method no longer throws an Exception. It just silently does nothing. Ok, except for this logging message
2025-05-28 04:08:50,143 INFO  ExportPropertyManager.cs: 1036 - OnListboxSelectionChanged called. This method no longer throws an Exception. It just silently does nothing. Ok, except for this logging message
2025-05-28 04:08:50,710 INFO  ExportPropertyManager.cs: 1036 - OnListboxSelectionChanged called. This method no longer throws an Exception. It just silently does nothing. Ok, except for this logging message
2025-05-28 04:08:51,230 INFO  ExportPropertyManager.cs: 1036 - OnListboxSelectionChanged called. This method no longer throws an Exception. It just silently does nothing. Ok, except for this logging message
2025-05-28 04:08:51,982 INFO  ExportPropertyManager.cs: 1036 - OnListboxSelectionChanged called. This method no longer throws an Exception. It just silently does nothing. Ok, except for this logging message
2025-05-28 04:08:52,446 INFO  ExportPropertyManager.cs: 1036 - OnListboxSelectionChanged called. This method no longer throws an Exception. It just silently does nothing. Ok, except for this logging message
2025-05-28 04:08:52,907 INFO  ExportPropertyManager.cs: 1036 - OnListboxSelectionChanged called. This method no longer throws an Exception. It just silently does nothing. Ok, except for this logging message
2025-05-28 04:08:53,206 INFO  ExportPropertyManager.cs: 1036 - OnListboxSelectionChanged called. This method no longer throws an Exception. It just silently does nothing. Ok, except for this logging message
2025-05-28 04:08:53,597 INFO  ExportPropertyManager.cs: 1036 - OnListboxSelectionChanged called. This method no longer throws an Exception. It just silently does nothing. Ok, except for this logging message
2025-05-28 04:08:53,998 INFO  ExportPropertyManager.cs: 1036 - OnListboxSelectionChanged called. This method no longer throws an Exception. It just silently does nothing. Ok, except for this logging message
2025-05-28 04:08:54,582 INFO  ExportPropertyManager.cs: 1036 - OnListboxSelectionChanged called. This method no longer throws an Exception. It just silently does nothing. Ok, except for this logging message
2025-05-28 04:09:20,073 INFO  ExportPropertyManager.cs: 1136 - OnNumberBoxTrackingCompleted called. This method no longer throws an Exception. It just silently does nothing. Ok, except for this logging message
2025-05-28 04:09:36,622 INFO  ExportPropertyManager.cs: 1018 - OnComboboxSelectionChanged called. This method no longer throws an Exception. It just silently does nothing. Ok, except for this logging message
2025-05-28 04:09:37,815 INFO  ExportPropertyManager.cs: 1018 - OnComboboxSelectionChanged called. This method no longer throws an Exception. It just silently does nothing. Ok, except for this logging message
2025-05-28 04:09:39,390 INFO  ExportPropertyManager.cs: 1018 - OnComboboxSelectionChanged called. This method no longer throws an Exception. It just silently does nothing. Ok, except for this logging message
2025-05-28 04:09:50,350 INFO  ExportPropertyManager.cs: 1036 - OnListboxSelectionChanged called. This method no longer throws an Exception. It just silently does nothing. Ok, except for this logging message
2025-05-28 04:09:56,270 INFO  ExportPropertyManager.cs: 1036 - OnListboxSelectionChanged called. This method no longer throws an Exception. It just silently does nothing. Ok, except for this logging message
2025-05-28 04:09:56,570 INFO  ExportPropertyManager.cs: 1036 - OnListboxSelectionChanged called. This method no longer throws an Exception. It just silently does nothing. Ok, except for this logging message
2025-05-28 04:10:01,262 INFO  ExportPropertyManager.cs: 1036 - OnListboxSelectionChanged called. This method no longer throws an Exception. It just silently does nothing. Ok, except for this logging message
2025-05-28 04:10:18,376 INFO  ExportPropertyManager.cs: 1018 - OnComboboxSelectionChanged called. This method no longer throws an Exception. It just silently does nothing. Ok, except for this logging message
2025-05-28 04:10:19,234 INFO  ExportPropertyManager.cs: 1018 - OnComboboxSelectionChanged called. This method no longer throws an Exception. It just silently does nothing. Ok, except for this logging message
2025-05-28 04:10:31,618 INFO  ExportPropertyManager.cs: 422 - Configuration saved
2025-05-28 04:10:41,829 INFO  ExportHelperExtension.cs: 347 - Creating joint wheel_0
2025-05-28 04:10:41,834 INFO  ExportHelperExtension.cs: 1397 - Fixing components for base_link
2025-05-28 04:10:41,835 INFO  ExportHelperExtension.cs: 1402 - Fixing 511
2025-05-28 04:10:41,835 INFO  ExportHelperExtension.cs: 1402 - Fixing 561
2025-05-28 04:10:41,835 INFO  ExportHelperExtension.cs: 1402 - Fixing 495
2025-05-28 04:10:41,836 INFO  ExportHelperExtension.cs: 1402 - Fixing 412
2025-05-28 04:10:41,836 INFO  ExportHelperExtension.cs: 1402 - Fixing 407
2025-05-28 04:10:41,836 INFO  ExportHelperExtension.cs: 1402 - Fixing 499
2025-05-28 04:10:41,837 INFO  ExportHelperExtension.cs: 1402 - Fixing 504
2025-05-28 04:10:41,837 INFO  ExportHelperExtension.cs: 1402 - Fixing 569
2025-05-28 04:10:41,837 INFO  ExportHelperExtension.cs: 1402 - Fixing 581
2025-05-28 04:10:41,837 INFO  ExportHelperExtension.cs: 1402 - Fixing 417
2025-05-28 04:10:41,838 INFO  ExportHelperExtension.cs: 1402 - Fixing 425
2025-05-28 04:10:41,838 INFO  ExportHelperExtension.cs: 1402 - Fixing 402
2025-05-28 04:10:41,838 INFO  ExportHelperExtension.cs: 1402 - Fixing 364
2025-05-28 04:10:41,839 INFO  ExportHelperExtension.cs: 1402 - Fixing 84
2025-05-28 04:10:41,839 INFO  ExportHelperExtension.cs: 1402 - Fixing 83
2025-05-28 04:10:41,839 INFO  ExportHelperExtension.cs: 1402 - Fixing 397
2025-05-28 04:10:41,840 INFO  ExportHelperExtension.cs: 1402 - Fixing 368
2025-05-28 04:10:41,840 INFO  ExportHelperExtension.cs: 1402 - Fixing 367
2025-05-28 04:10:41,840 INFO  ExportHelperExtension.cs: 1402 - Fixing 366
2025-05-28 04:10:41,841 INFO  ExportHelperExtension.cs: 1402 - Fixing 291
2025-05-28 04:10:41,841 INFO  ExportHelperExtension.cs: 1402 - Fixing 81
2025-05-28 04:10:41,842 INFO  ExportHelperExtension.cs: 1402 - Fixing 44
2025-05-28 04:10:41,842 INFO  ExportHelperExtension.cs: 1402 - Fixing 24
2025-05-28 04:10:41,842 INFO  ExportHelperExtension.cs: 1409 - Component 24 is already fixed
2025-05-28 04:10:41,843 INFO  ExportHelperExtension.cs: 1402 - Fixing 36
2025-05-28 04:10:41,843 INFO  ExportHelperExtension.cs: 1402 - Fixing 82
2025-05-28 04:10:41,843 INFO  ExportHelperExtension.cs: 1402 - Fixing 25
2025-05-28 04:10:41,843 INFO  ExportHelperExtension.cs: 1402 - Fixing 32
2025-05-28 04:10:43,373 INFO  : 0 - R1: 1, System.__ComObject, 1, System.Double[]
2025-05-28 04:10:43,378 INFO  ExportHelperExtension.cs: 841 - R2: 0, 0
2025-05-28 04:10:43,378 INFO  ExportHelperExtension.cs: 849 - L1: 0
2025-05-28 04:10:43,378 INFO  ExportHelperExtension.cs: 857 - L2: 0
2025-05-28 04:10:43,413 INFO  ExportHelperExtension.cs: 1352 - Unfixing component 511
2025-05-28 04:10:43,414 INFO  ExportHelperExtension.cs: 1352 - Unfixing component 561
2025-05-28 04:10:43,414 INFO  ExportHelperExtension.cs: 1352 - Unfixing component 495
2025-05-28 04:10:43,414 INFO  ExportHelperExtension.cs: 1352 - Unfixing component 412
2025-05-28 04:10:43,415 INFO  ExportHelperExtension.cs: 1352 - Unfixing component 407
2025-05-28 04:10:43,415 INFO  ExportHelperExtension.cs: 1352 - Unfixing component 499
2025-05-28 04:10:43,415 INFO  ExportHelperExtension.cs: 1352 - Unfixing component 504
2025-05-28 04:10:43,416 INFO  ExportHelperExtension.cs: 1352 - Unfixing component 569
2025-05-28 04:10:43,416 INFO  ExportHelperExtension.cs: 1352 - Unfixing component 581
2025-05-28 04:10:43,416 INFO  ExportHelperExtension.cs: 1352 - Unfixing component 417
2025-05-28 04:10:43,417 INFO  ExportHelperExtension.cs: 1352 - Unfixing component 425
2025-05-28 04:10:43,417 INFO  ExportHelperExtension.cs: 1352 - Unfixing component 402
2025-05-28 04:10:43,417 INFO  ExportHelperExtension.cs: 1352 - Unfixing component 364
2025-05-28 04:10:43,417 INFO  ExportHelperExtension.cs: 1352 - Unfixing component 84
2025-05-28 04:10:43,418 INFO  ExportHelperExtension.cs: 1352 - Unfixing component 83
2025-05-28 04:10:43,418 INFO  ExportHelperExtension.cs: 1352 - Unfixing component 397
2025-05-28 04:10:43,418 INFO  ExportHelperExtension.cs: 1352 - Unfixing component 368
2025-05-28 04:10:43,419 INFO  ExportHelperExtension.cs: 1352 - Unfixing component 367
2025-05-28 04:10:43,419 INFO  ExportHelperExtension.cs: 1352 - Unfixing component 366
2025-05-28 04:10:43,419 INFO  ExportHelperExtension.cs: 1352 - Unfixing component 291
2025-05-28 04:10:43,420 INFO  ExportHelperExtension.cs: 1352 - Unfixing component 81
2025-05-28 04:10:43,425 INFO  ExportHelperExtension.cs: 1352 - Unfixing component 44
2025-05-28 04:10:43,426 INFO  ExportHelperExtension.cs: 1352 - Unfixing component 36
2025-05-28 04:10:43,426 INFO  ExportHelperExtension.cs: 1352 - Unfixing component 82
2025-05-28 04:10:43,426 INFO  ExportHelperExtension.cs: 1352 - Unfixing component 25
2025-05-28 04:10:43,426 INFO  ExportHelperExtension.cs: 1352 - Unfixing component 32
2025-05-28 04:10:48,141 WARN  ExportHelperExtension.cs: 351 - Creating joint from parent base_link to child wheel_0 failed
2025-05-28 04:10:48,374 INFO  ExportHelperExtension.cs: 347 - Creating joint wheel_1
2025-05-28 04:10:48,375 INFO  ExportHelperExtension.cs: 1397 - Fixing components for base_link
2025-05-28 04:10:48,375 INFO  ExportHelperExtension.cs: 1402 - Fixing 511
2025-05-28 04:10:48,376 INFO  ExportHelperExtension.cs: 1402 - Fixing 561
2025-05-28 04:10:48,376 INFO  ExportHelperExtension.cs: 1402 - Fixing 495
2025-05-28 04:10:48,376 INFO  ExportHelperExtension.cs: 1402 - Fixing 412
2025-05-28 04:10:48,377 INFO  ExportHelperExtension.cs: 1402 - Fixing 407
2025-05-28 04:10:48,377 INFO  ExportHelperExtension.cs: 1402 - Fixing 499
2025-05-28 04:10:48,377 INFO  ExportHelperExtension.cs: 1402 - Fixing 504
2025-05-28 04:10:48,378 INFO  ExportHelperExtension.cs: 1402 - Fixing 569
2025-05-28 04:10:48,378 INFO  ExportHelperExtension.cs: 1402 - Fixing 581
2025-05-28 04:10:48,378 INFO  ExportHelperExtension.cs: 1402 - Fixing 417
2025-05-28 04:10:48,378 INFO  ExportHelperExtension.cs: 1402 - Fixing 425
2025-05-28 04:10:48,379 INFO  ExportHelperExtension.cs: 1402 - Fixing 402
2025-05-28 04:10:48,379 INFO  ExportHelperExtension.cs: 1402 - Fixing 364
2025-05-28 04:10:48,379 INFO  ExportHelperExtension.cs: 1402 - Fixing 84
2025-05-28 04:10:48,380 INFO  ExportHelperExtension.cs: 1402 - Fixing 83
2025-05-28 04:10:48,380 INFO  ExportHelperExtension.cs: 1402 - Fixing 397
2025-05-28 04:10:48,380 INFO  ExportHelperExtension.cs: 1402 - Fixing 368
2025-05-28 04:10:48,381 INFO  ExportHelperExtension.cs: 1402 - Fixing 367
2025-05-28 04:10:48,381 INFO  ExportHelperExtension.cs: 1402 - Fixing 366
2025-05-28 04:10:48,381 INFO  ExportHelperExtension.cs: 1402 - Fixing 291
2025-05-28 04:10:48,382 INFO  ExportHelperExtension.cs: 1402 - Fixing 81
2025-05-28 04:10:48,382 INFO  ExportHelperExtension.cs: 1402 - Fixing 44
2025-05-28 04:10:48,382 INFO  ExportHelperExtension.cs: 1402 - Fixing 24
2025-05-28 04:10:48,382 INFO  ExportHelperExtension.cs: 1409 - Component 24 is already fixed
2025-05-28 04:10:48,383 INFO  ExportHelperExtension.cs: 1402 - Fixing 36
2025-05-28 04:10:48,383 INFO  ExportHelperExtension.cs: 1402 - Fixing 82
2025-05-28 04:10:48,383 INFO  ExportHelperExtension.cs: 1402 - Fixing 25
2025-05-28 04:10:48,384 INFO  ExportHelperExtension.cs: 1402 - Fixing 32
2025-05-28 04:10:49,792 INFO  ExportHelperExtension.cs: 828 - R1: 1, System.__ComObject, 1, System.Double[]
2025-05-28 04:10:49,793 INFO  ExportHelperExtension.cs: 841 - R2: 0, 0
2025-05-28 04:10:49,793 INFO  ExportHelperExtension.cs: 849 - L1: 0
2025-05-28 04:10:49,793 INFO  ExportHelperExtension.cs: 857 - L2: 0
2025-05-28 04:10:49,794 INFO  ExportHelperExtension.cs: 1352 - Unfixing component 511
2025-05-28 04:10:49,794 INFO  ExportHelperExtension.cs: 1352 - Unfixing component 561
2025-05-28 04:10:49,794 INFO  ExportHelperExtension.cs: 1352 - Unfixing component 495
2025-05-28 04:10:49,795 INFO  ExportHelperExtension.cs: 1352 - Unfixing component 412
2025-05-28 04:10:49,795 INFO  ExportHelperExtension.cs: 1352 - Unfixing component 407
2025-05-28 04:10:49,795 INFO  ExportHelperExtension.cs: 1352 - Unfixing component 499
2025-05-28 04:10:49,796 INFO  ExportHelperExtension.cs: 1352 - Unfixing component 504
2025-05-28 04:10:49,796 INFO  ExportHelperExtension.cs: 1352 - Unfixing component 569
2025-05-28 04:10:49,796 INFO  ExportHelperExtension.cs: 1352 - Unfixing component 581
2025-05-28 04:10:49,797 INFO  ExportHelperExtension.cs: 1352 - Unfixing component 417
2025-05-28 04:10:49,797 INFO  ExportHelperExtension.cs: 1352 - Unfixing component 425
2025-05-28 04:10:49,797 INFO  ExportHelperExtension.cs: 1352 - Unfixing component 402
2025-05-28 04:10:49,798 INFO  ExportHelperExtension.cs: 1352 - Unfixing component 364
2025-05-28 04:10:49,798 INFO  ExportHelperExtension.cs: 1352 - Unfixing component 84
2025-05-28 04:10:49,798 INFO  ExportHelperExtension.cs: 1352 - Unfixing component 83
2025-05-28 04:10:49,798 INFO  ExportHelperExtension.cs: 1352 - Unfixing component 397
2025-05-28 04:10:49,799 INFO  ExportHelperExtension.cs: 1352 - Unfixing component 368
2025-05-28 04:10:49,799 INFO  ExportHelperExtension.cs: 1352 - Unfixing component 367
2025-05-28 04:10:49,799 INFO  ExportHelperExtension.cs: 1352 - Unfixing component 366
2025-05-28 04:10:49,800 INFO  ExportHelperExtension.cs: 1352 - Unfixing component 291
2025-05-28 04:10:49,800 INFO  ExportHelperExtension.cs: 1352 - Unfixing component 81
2025-05-28 04:10:49,800 INFO  ExportHelperExtension.cs: 1352 - Unfixing component 44
2025-05-28 04:10:49,801 INFO  ExportHelperExtension.cs: 1352 - Unfixing component 36
2025-05-28 04:10:49,801 INFO  ExportHelperExtension.cs: 1352 - Unfixing component 82
2025-05-28 04:10:49,801 INFO  ExportHelperExtension.cs: 1352 - Unfixing component 25
2025-05-28 04:10:49,802 INFO  ExportHelperExtension.cs: 1352 - Unfixing component 32
2025-05-28 04:10:53,994 WARN  ExportHelperExtension.cs: 351 - Creating joint from parent base_link to child wheel_1 failed
2025-05-28 04:10:54,247 INFO  ExportHelperExtension.cs: 347 - Creating joint wheel_2
2025-05-28 04:10:54,247 INFO  ExportHelperExtension.cs: 1397 - Fixing components for base_link
2025-05-28 04:10:54,247 INFO  ExportHelperExtension.cs: 1402 - Fixing 511
2025-05-28 04:10:54,248 INFO  ExportHelperExtension.cs: 1402 - Fixing 561
2025-05-28 04:10:54,248 INFO  ExportHelperExtension.cs: 1402 - Fixing 495
2025-05-28 04:10:54,248 INFO  ExportHelperExtension.cs: 1402 - Fixing 412
2025-05-28 04:10:54,248 INFO  ExportHelperExtension.cs: 1402 - Fixing 407
2025-05-28 04:10:54,249 INFO  ExportHelperExtension.cs: 1402 - Fixing 499
2025-05-28 04:10:54,249 INFO  ExportHelperExtension.cs: 1402 - Fixing 504
2025-05-28 04:10:54,249 INFO  ExportHelperExtension.cs: 1402 - Fixing 569
2025-05-28 04:10:54,251 INFO  ExportHelperExtension.cs: 1402 - Fixing 581
2025-05-28 04:10:54,251 INFO  ExportHelperExtension.cs: 1402 - Fixing 417
2025-05-28 04:10:54,251 INFO  ExportHelperExtension.cs: 1402 - Fixing 425
2025-05-28 04:10:54,252 INFO  ExportHelperExtension.cs: 1402 - Fixing 402
2025-05-28 04:10:54,252 INFO  ExportHelperExtension.cs: 1402 - Fixing 364
2025-05-28 04:10:54,252 INFO  ExportHelperExtension.cs: 1402 - Fixing 84
2025-05-28 04:10:54,253 INFO  ExportHelperExtension.cs: 1402 - Fixing 83
2025-05-28 04:10:54,253 INFO  ExportHelperExtension.cs: 1402 - Fixing 397
2025-05-28 04:10:54,253 INFO  ExportHelperExtension.cs: 1402 - Fixing 368
2025-05-28 04:10:54,253 INFO  ExportHelperExtension.cs: 1402 - Fixing 367
2025-05-28 04:10:54,254 INFO  ExportHelperExtension.cs: 1402 - Fixing 366
2025-05-28 04:10:54,254 INFO  ExportHelperExtension.cs: 1402 - Fixing 291
2025-05-28 04:10:54,254 INFO  ExportHelperExtension.cs: 1402 - Fixing 81
2025-05-28 04:10:54,255 INFO  ExportHelperExtension.cs: 1402 - Fixing 44
2025-05-28 04:10:54,255 INFO  ExportHelperExtension.cs: 1402 - Fixing 24
2025-05-28 04:10:54,255 INFO  ExportHelperExtension.cs: 1409 - Component 24 is already fixed
2025-05-28 04:10:54,255 INFO  ExportHelperExtension.cs: 1402 - Fixing 36
2025-05-28 04:10:54,256 INFO  ExportHelperExtension.cs: 1402 - Fixing 82
2025-05-28 04:10:54,256 INFO  ExportHelperExtension.cs: 1402 - Fixing 25
2025-05-28 04:10:54,256 INFO  ExportHelperExtension.cs: 1402 - Fixing 32
2025-05-28 04:10:55,848 INFO  ExportHelperExtension.cs: 828 - R1: 1, System.__ComObject, 1, System.Double[]
2025-05-28 04:10:55,849 INFO  ExportHelperExtension.cs: 841 - R2: 0, 0
2025-05-28 04:10:55,850 INFO  ExportHelperExtension.cs: 849 - L1: 0
2025-05-28 04:10:55,850 INFO  ExportHelperExtension.cs: 857 - L2: 0
2025-05-28 04:10:55,851 INFO  ExportHelperExtension.cs: 1352 - Unfixing component 511
2025-05-28 04:10:55,852 INFO  ExportHelperExtension.cs: 1352 - Unfixing component 561
2025-05-28 04:10:55,852 INFO  ExportHelperExtension.cs: 1352 - Unfixing component 495
2025-05-28 04:10:55,852 INFO  ExportHelperExtension.cs: 1352 - Unfixing component 412
2025-05-28 04:10:55,853 INFO  ExportHelperExtension.cs: 1352 - Unfixing component 407
2025-05-28 04:10:55,853 INFO  ExportHelperExtension.cs: 1352 - Unfixing component 499
2025-05-28 04:10:55,853 INFO  ExportHelperExtension.cs: 1352 - Unfixing component 504
2025-05-28 04:10:55,855 INFO  ExportHelperExtension.cs: 1352 - Unfixing component 569
2025-05-28 04:10:55,855 INFO  ExportHelperExtension.cs: 1352 - Unfixing component 581
2025-05-28 04:10:55,856 INFO  ExportHelperExtension.cs: 1352 - Unfixing component 417
2025-05-28 04:10:55,856 INFO  ExportHelperExtension.cs: 1352 - Unfixing component 425
2025-05-28 04:10:55,856 INFO  ExportHelperExtension.cs: 1352 - Unfixing component 402
2025-05-28 04:10:55,857 INFO  ExportHelperExtension.cs: 1352 - Unfixing component 364
2025-05-28 04:10:55,857 INFO  ExportHelperExtension.cs: 1352 - Unfixing component 84
2025-05-28 04:10:55,858 INFO  ExportHelperExtension.cs: 1352 - Unfixing component 83
2025-05-28 04:10:55,858 INFO  ExportHelperExtension.cs: 1352 - Unfixing component 397
2025-05-28 04:10:55,859 INFO  ExportHelperExtension.cs: 1352 - Unfixing component 368
2025-05-28 04:10:55,859 INFO  ExportHelperExtension.cs: 1352 - Unfixing component 367
2025-05-28 04:10:55,859 INFO  ExportHelperExtension.cs: 1352 - Unfixing component 366
2025-05-28 04:10:55,860 INFO  ExportHelperExtension.cs: 1352 - Unfixing component 291
2025-05-28 04:10:55,860 INFO  ExportHelperExtension.cs: 1352 - Unfixing component 81
2025-05-28 04:10:55,861 INFO  ExportHelperExtension.cs: 1352 - Unfixing component 44
2025-05-28 04:10:55,861 INFO  ExportHelperExtension.cs: 1352 - Unfixing component 36
2025-05-28 04:10:55,861 INFO  ExportHelperExtension.cs: 1352 - Unfixing component 82
2025-05-28 04:10:55,861 INFO  ExportHelperExtension.cs: 1352 - Unfixing component 25
2025-05-28 04:10:55,862 INFO  ExportHelperExtension.cs: 1352 - Unfixing component 32
2025-05-28 04:11:01,269 WARN  ExportHelperExtension.cs: 351 - Creating joint from parent base_link to child wheel_2 failed
2025-05-28 04:11:01,517 INFO  ExportHelperExtension.cs: 347 - Creating joint wheel_3
2025-05-28 04:11:01,518 INFO  ExportHelperExtension.cs: 1397 - Fixing components for base_link
2025-05-28 04:11:01,518 INFO  ExportHelperExtension.cs: 1402 - Fixing 511
2025-05-28 04:11:01,518 INFO  ExportHelperExtension.cs: 1402 - Fixing 561
2025-05-28 04:11:01,519 INFO  ExportHelperExtension.cs: 1402 - Fixing 495
2025-05-28 04:11:01,519 INFO  ExportHelperExtension.cs: 1402 - Fixing 412
2025-05-28 04:11:01,520 INFO  ExportHelperExtension.cs: 1402 - Fixing 407
2025-05-28 04:11:01,526 INFO  ExportHelperExtension.cs: 1402 - Fixing 499
2025-05-28 04:11:01,526 INFO  ExportHelperExtension.cs: 1402 - Fixing 504
2025-05-28 04:11:01,526 INFO  ExportHelperExtension.cs: 1402 - Fixing 569
2025-05-28 04:11:01,527 INFO  ExportHelperExtension.cs: 1402 - Fixing 581
2025-05-28 04:11:01,527 INFO  ExportHelperExtension.cs: 1402 - Fixing 417
2025-05-28 04:11:01,528 INFO  ExportHelperExtension.cs: 1402 - Fixing 425
2025-05-28 04:11:01,528 INFO  ExportHelperExtension.cs: 1402 - Fixing 402
2025-05-28 04:11:01,528 INFO  ExportHelperExtension.cs: 1402 - Fixing 364
2025-05-28 04:11:01,529 INFO  ExportHelperExtension.cs: 1402 - Fixing 84
2025-05-28 04:11:01,529 INFO  ExportHelperExtension.cs: 1402 - Fixing 83
2025-05-28 04:11:01,529 INFO  ExportHelperExtension.cs: 1402 - Fixing 397
2025-05-28 04:11:01,530 INFO  ExportHelperExtension.cs: 1402 - Fixing 368
2025-05-28 04:11:01,530 INFO  ExportHelperExtension.cs: 1402 - Fixing 367
2025-05-28 04:11:01,531 INFO  ExportHelperExtension.cs: 1402 - Fixing 366
2025-05-28 04:11:01,531 INFO  ExportHelperExtension.cs: 1402 - Fixing 291
2025-05-28 04:11:01,531 INFO  ExportHelperExtension.cs: 1402 - Fixing 81
2025-05-28 04:11:01,532 INFO  ExportHelperExtension.cs: 1402 - Fixing 44
2025-05-28 04:11:01,532 INFO  ExportHelperExtension.cs: 1402 - Fixing 24
2025-05-28 04:11:01,533 INFO  ExportHelperExtension.cs: 1409 - Component 24 is already fixed
2025-05-28 04:11:01,533 INFO  ExportHelperExtension.cs: 1402 - Fixing 36
2025-05-28 04:11:01,533 INFO  ExportHelperExtension.cs: 1402 - Fixing 82
2025-05-28 04:11:01,534 INFO  ExportHelperExtension.cs: 1402 - Fixing 25
2025-05-28 04:11:01,534 INFO  ExportHelperExtension.cs: 1402 - Fixing 32
2025-05-28 04:11:03,203 INFO  ExportHelperExtension.cs: 828 - R1: 1, System.__ComObject, 1, System.Double[]
2025-05-28 04:11:03,203 INFO  ExportHelperExtension.cs: 841 - R2: 0, 0
2025-05-28 04:11:03,203 INFO  ExportHelperExtension.cs: 849 - L1: 0
2025-05-28 04:11:03,204 INFO  ExportHelperExtension.cs: 857 - L2: 0
2025-05-28 04:11:03,204 INFO  ExportHelperExtension.cs: 1352 - Unfixing component 511
2025-05-28 04:11:03,204 INFO  ExportHelperExtension.cs: 1352 - Unfixing component 561
2025-05-28 04:11:03,205 INFO  ExportHelperExtension.cs: 1352 - Unfixing component 495
2025-05-28 04:11:03,205 INFO  ExportHelperExtension.cs: 1352 - Unfixing component 412
2025-05-28 04:11:03,205 INFO  ExportHelperExtension.cs: 1352 - Unfixing component 407
2025-05-28 04:11:03,206 INFO  ExportHelperExtension.cs: 1352 - Unfixing component 499
2025-05-28 04:11:03,206 INFO  ExportHelperExtension.cs: 1352 - Unfixing component 504
2025-05-28 04:11:03,206 INFO  ExportHelperExtension.cs: 1352 - Unfixing component 569
2025-05-28 04:11:03,207 INFO  ExportHelperExtension.cs: 1352 - Unfixing component 581
2025-05-28 04:11:03,207 INFO  ExportHelperExtension.cs: 1352 - Unfixing component 417
2025-05-28 04:11:03,207 INFO  ExportHelperExtension.cs: 1352 - Unfixing component 425
2025-05-28 04:11:03,208 INFO  ExportHelperExtension.cs: 1352 - Unfixing component 402
2025-05-28 04:11:03,208 INFO  ExportHelperExtension.cs: 1352 - Unfixing component 364
2025-05-28 04:11:03,208 INFO  ExportHelperExtension.cs: 1352 - Unfixing component 84
2025-05-28 04:11:03,209 INFO  ExportHelperExtension.cs: 1352 - Unfixing component 83
2025-05-28 04:11:03,209 INFO  ExportHelperExtension.cs: 1352 - Unfixing component 397
2025-05-28 04:11:03,209 INFO  ExportHelperExtension.cs: 1352 - Unfixing component 368
2025-05-28 04:11:03,209 INFO  ExportHelperExtension.cs: 1352 - Unfixing component 367
2025-05-28 04:11:03,210 INFO  ExportHelperExtension.cs: 1352 - Unfixing component 366
2025-05-28 04:11:03,210 INFO  ExportHelperExtension.cs: 1352 - Unfixing component 291
2025-05-28 04:11:03,210 INFO  ExportHelperExtension.cs: 1352 - Unfixing component 81
2025-05-28 04:11:03,211 INFO  ExportHelperExtension.cs: 1352 - Unfixing component 44
2025-05-28 04:11:03,211 INFO  ExportHelperExtension.cs: 1352 - Unfixing component 36
2025-05-28 04:11:03,211 INFO  ExportHelperExtension.cs: 1352 - Unfixing component 82
2025-05-28 04:11:03,211 INFO  ExportHelperExtension.cs: 1352 - Unfixing component 25
2025-05-28 04:11:03,212 INFO  ExportHelperExtension.cs: 1352 - Unfixing component 32
2025-05-28 04:11:07,606 WARN  ExportHelperExtension.cs: 351 - Creating joint from parent base_link to child wheel_3 failed
2025-05-28 04:11:07,832 INFO  ExportHelperExtension.cs: 347 - Creating joint base_scan
2025-05-28 04:11:07,833 INFO  ExportHelperExtension.cs: 1397 - Fixing components for base_link
2025-05-28 04:11:07,833 INFO  ExportHelperExtension.cs: 1402 - Fixing 511
2025-05-28 04:11:07,833 INFO  ExportHelperExtension.cs: 1402 - Fixing 561
2025-05-28 04:11:07,834 INFO  ExportHelperExtension.cs: 1402 - Fixing 495
2025-05-28 04:11:07,834 INFO  ExportHelperExtension.cs: 1402 - Fixing 412
2025-05-28 04:11:07,834 INFO  ExportHelperExtension.cs: 1402 - Fixing 407
2025-05-28 04:11:07,834 INFO  ExportHelperExtension.cs: 1402 - Fixing 499
2025-05-28 04:11:07,835 INFO  ExportHelperExtension.cs: 1402 - Fixing 504
2025-05-28 04:11:07,835 INFO  ExportHelperExtension.cs: 1402 - Fixing 569
2025-05-28 04:11:07,835 INFO  ExportHelperExtension.cs: 1402 - Fixing 581
2025-05-28 04:11:07,836 INFO  ExportHelperExtension.cs: 1402 - Fixing 417
2025-05-28 04:11:07,836 INFO  ExportHelperExtension.cs: 1402 - Fixing 425
2025-05-28 04:11:07,836 INFO  ExportHelperExtension.cs: 1402 - Fixing 402
2025-05-28 04:11:07,836 INFO  ExportHelperExtension.cs: 1402 - Fixing 364
2025-05-28 04:11:07,837 INFO  ExportHelperExtension.cs: 1402 - Fixing 84
2025-05-28 04:11:07,837 INFO  ExportHelperExtension.cs: 1402 - Fixing 83
2025-05-28 04:11:07,837 INFO  ExportHelperExtension.cs: 1402 - Fixing 397
2025-05-28 04:11:07,837 INFO  ExportHelperExtension.cs: 1402 - Fixing 368
2025-05-28 04:11:07,838 INFO  ExportHelperExtension.cs: 1402 - Fixing 367
2025-05-28 04:11:07,838 INFO  ExportHelperExtension.cs: 1402 - Fixing 366
2025-05-28 04:11:07,838 INFO  ExportHelperExtension.cs: 1402 - Fixing 291
2025-05-28 04:11:07,838 INFO  ExportHelperExtension.cs: 1402 - Fixing 81
2025-05-28 04:11:07,839 INFO  ExportHelperExtension.cs: 1402 - Fixing 44
2025-05-28 04:11:07,839 INFO  ExportHelperExtension.cs: 1402 - Fixing 24
2025-05-28 04:11:07,839 INFO  ExportHelperExtension.cs: 1409 - Component 24 is already fixed
2025-05-28 04:11:07,839 INFO  ExportHelperExtension.cs: 1402 - Fixing 36
2025-05-28 04:11:07,840 INFO  ExportHelperExtension.cs: 1402 - Fixing 82
2025-05-28 04:11:07,840 INFO  ExportHelperExtension.cs: 1402 - Fixing 25
2025-05-28 04:11:07,840 INFO  ExportHelperExtension.cs: 1402 - Fixing 32
2025-05-28 04:11:09,324 INFO  ExportHelperExtension.cs: 832 - R1: 0, 0
2025-05-28 04:11:09,325 INFO  ExportHelperExtension.cs: 841 - R2: 0, 0
2025-05-28 04:11:09,325 INFO  ExportHelperExtension.cs: 849 - L1: 0
2025-05-28 04:11:09,325 INFO  ExportHelperExtension.cs: 857 - L2: 0
2025-05-28 04:11:09,326 INFO  ExportHelperExtension.cs: 1352 - Unfixing component 511
2025-05-28 04:11:09,326 INFO  ExportHelperExtension.cs: 1352 - Unfixing component 561
2025-05-28 04:11:09,326 INFO  ExportHelperExtension.cs: 1352 - Unfixing component 495
2025-05-28 04:11:09,327 INFO  ExportHelperExtension.cs: 1352 - Unfixing component 412
2025-05-28 04:11:09,327 INFO  ExportHelperExtension.cs: 1352 - Unfixing component 407
2025-05-28 04:11:09,327 INFO  ExportHelperExtension.cs: 1352 - Unfixing component 499
2025-05-28 04:11:09,328 INFO  ExportHelperExtension.cs: 1352 - Unfixing component 504
2025-05-28 04:11:09,328 INFO  ExportHelperExtension.cs: 1352 - Unfixing component 569
2025-05-28 04:11:09,328 INFO  ExportHelperExtension.cs: 1352 - Unfixing component 581
2025-05-28 04:11:09,329 INFO  ExportHelperExtension.cs: 1352 - Unfixing component 417
2025-05-28 04:11:09,329 INFO  ExportHelperExtension.cs: 1352 - Unfixing component 425
2025-05-28 04:11:09,329 INFO  ExportHelperExtension.cs: 1352 - Unfixing component 402
2025-05-28 04:11:09,330 INFO  ExportHelperExtension.cs: 1352 - Unfixing component 364
2025-05-28 04:11:09,330 INFO  ExportHelperExtension.cs: 1352 - Unfixing component 84
2025-05-28 04:11:09,330 INFO  ExportHelperExtension.cs: 1352 - Unfixing component 83
2025-05-28 04:11:09,330 INFO  ExportHelperExtension.cs: 1352 - Unfixing component 397
2025-05-28 04:11:09,331 INFO  ExportHelperExtension.cs: 1352 - Unfixing component 368
2025-05-28 04:11:09,331 INFO  ExportHelperExtension.cs: 1352 - Unfixing component 367
2025-05-28 04:11:09,331 INFO  ExportHelperExtension.cs: 1352 - Unfixing component 366
2025-05-28 04:11:09,332 INFO  ExportHelperExtension.cs: 1352 - Unfixing component 291
2025-05-28 04:11:09,332 INFO  ExportHelperExtension.cs: 1352 - Unfixing component 81
2025-05-28 04:11:09,332 INFO  ExportHelperExtension.cs: 1352 - Unfixing component 44
2025-05-28 04:11:09,333 INFO  ExportHelperExtension.cs: 1352 - Unfixing component 36
2025-05-28 04:11:09,333 INFO  ExportHelperExtension.cs: 1352 - Unfixing component 82
2025-05-28 04:11:09,333 INFO  ExportHelperExtension.cs: 1352 - Unfixing component 25
2025-05-28 04:11:09,334 INFO  ExportHelperExtension.cs: 1352 - Unfixing component 32
2025-05-28 04:11:10,773 WARN  ExportHelperExtension.cs: 351 - Creating joint from parent base_link to child base_scan failed
2025-05-28 04:11:10,794 INFO  ExportHelperExtension.cs: 347 - Creating joint imu_link
2025-05-28 04:11:10,795 INFO  ExportHelperExtension.cs: 1397 - Fixing components for base_link
2025-05-28 04:11:10,795 INFO  ExportHelperExtension.cs: 1402 - Fixing 511
2025-05-28 04:11:10,796 INFO  ExportHelperExtension.cs: 1402 - Fixing 561
2025-05-28 04:11:10,796 INFO  ExportHelperExtension.cs: 1402 - Fixing 495
2025-05-28 04:11:10,796 INFO  ExportHelperExtension.cs: 1402 - Fixing 412
2025-05-28 04:11:10,797 INFO  ExportHelperExtension.cs: 1402 - Fixing 407
2025-05-28 04:11:10,797 INFO  ExportHelperExtension.cs: 1402 - Fixing 499
2025-05-28 04:11:10,797 INFO  ExportHelperExtension.cs: 1402 - Fixing 504
2025-05-28 04:11:10,798 INFO  ExportHelperExtension.cs: 1402 - Fixing 569
2025-05-28 04:11:10,798 INFO  ExportHelperExtension.cs: 1402 - Fixing 581
2025-05-28 04:11:10,798 INFO  ExportHelperExtension.cs: 1402 - Fixing 417
2025-05-28 04:11:10,799 INFO  ExportHelperExtension.cs: 1402 - Fixing 425
2025-05-28 04:11:10,799 INFO  ExportHelperExtension.cs: 1402 - Fixing 402
2025-05-28 04:11:10,799 INFO  ExportHelperExtension.cs: 1402 - Fixing 364
2025-05-28 04:11:10,800 INFO  ExportHelperExtension.cs: 1402 - Fixing 84
2025-05-28 04:11:10,800 INFO  ExportHelperExtension.cs: 1402 - Fixing 83
2025-05-28 04:11:10,800 INFO  ExportHelperExtension.cs: 1402 - Fixing 397
2025-05-28 04:11:10,801 INFO  ExportHelperExtension.cs: 1402 - Fixing 368
2025-05-28 04:11:10,801 INFO  ExportHelperExtension.cs: 1402 - Fixing 367
2025-05-28 04:11:10,801 INFO  ExportHelperExtension.cs: 1402 - Fixing 366
2025-05-28 04:11:10,802 INFO  ExportHelperExtension.cs: 1402 - Fixing 291
2025-05-28 04:11:10,802 INFO  ExportHelperExtension.cs: 1402 - Fixing 81
2025-05-28 04:11:10,802 INFO  ExportHelperExtension.cs: 1402 - Fixing 44
2025-05-28 04:11:10,803 INFO  ExportHelperExtension.cs: 1402 - Fixing 24
2025-05-28 04:11:10,803 INFO  ExportHelperExtension.cs: 1409 - Component 24 is already fixed
2025-05-28 04:11:10,803 INFO  ExportHelperExtension.cs: 1402 - Fixing 36
2025-05-28 04:11:10,804 INFO  ExportHelperExtension.cs: 1402 - Fixing 82
2025-05-28 04:11:10,804 INFO  ExportHelperExtension.cs: 1402 - Fixing 25
2025-05-28 04:11:10,804 INFO  ExportHelperExtension.cs: 1402 - Fixing 32
2025-05-28 04:11:12,259 INFO  ExportHelperExtension.cs: 832 - R1: 0, 0
2025-05-28 04:11:12,259 INFO  ExportHelperExtension.cs: 841 - R2: 0, 0
2025-05-28 04:11:12,260 INFO  ExportHelperExtension.cs: 849 - L1: 0
2025-05-28 04:11:12,260 INFO  ExportHelperExtension.cs: 857 - L2: 0
2025-05-28 04:11:12,261 INFO  ExportHelperExtension.cs: 1352 - Unfixing component 511
2025-05-28 04:11:12,261 INFO  ExportHelperExtension.cs: 1352 - Unfixing component 561
2025-05-28 04:11:12,261 INFO  ExportHelperExtension.cs: 1352 - Unfixing component 495
2025-05-28 04:11:12,262 INFO  ExportHelperExtension.cs: 1352 - Unfixing component 412
2025-05-28 04:11:12,262 INFO  ExportHelperExtension.cs: 1352 - Unfixing component 407
2025-05-28 04:11:12,263 INFO  ExportHelperExtension.cs: 1352 - Unfixing component 499
2025-05-28 04:11:12,263 INFO  ExportHelperExtension.cs: 1352 - Unfixing component 504
2025-05-28 04:11:12,263 INFO  ExportHelperExtension.cs: 1352 - Unfixing component 569
2025-05-28 04:11:12,264 INFO  ExportHelperExtension.cs: 1352 - Unfixing component 581
2025-05-28 04:11:12,264 INFO  ExportHelperExtension.cs: 1352 - Unfixing component 417
2025-05-28 04:11:12,265 INFO  ExportHelperExtension.cs: 1352 - Unfixing component 425
2025-05-28 04:11:12,265 INFO  ExportHelperExtension.cs: 1352 - Unfixing component 402
2025-05-28 04:11:12,265 INFO  ExportHelperExtension.cs: 1352 - Unfixing component 364
2025-05-28 04:11:12,266 INFO  ExportHelperExtension.cs: 1352 - Unfixing component 84
2025-05-28 04:11:12,266 INFO  ExportHelperExtension.cs: 1352 - Unfixing component 83
2025-05-28 04:11:12,266 INFO  ExportHelperExtension.cs: 1352 - Unfixing component 397
2025-05-28 04:11:12,272 INFO  ExportHelperExtension.cs: 1352 - Unfixing component 368
2025-05-28 04:11:12,272 INFO  ExportHelperExtension.cs: 1352 - Unfixing component 367
2025-05-28 04:11:12,273 INFO  ExportHelperExtension.cs: 1352 - Unfixing component 366
2025-05-28 04:11:12,273 INFO  ExportHelperExtension.cs: 1352 - Unfixing component 291
2025-05-28 04:11:12,274 INFO  ExportHelperExtension.cs: 1352 - Unfixing component 81
2025-05-28 04:11:12,274 INFO  ExportHelperExtension.cs: 1352 - Unfixing component 44
2025-05-28 04:11:12,274 INFO  ExportHelperExtension.cs: 1352 - Unfixing component 36
2025-05-28 04:11:12,275 INFO  ExportHelperExtension.cs: 1352 - Unfixing component 82
2025-05-28 04:11:12,275 INFO  ExportHelperExtension.cs: 1352 - Unfixing component 25
2025-05-28 04:11:12,276 INFO  ExportHelperExtension.cs: 1352 - Unfixing component 32
2025-05-28 04:11:13,672 WARN  ExportHelperExtension.cs: 351 - Creating joint from parent base_link to child imu_link failed
2025-05-28 04:11:13,898 INFO  ExportHelperExtension.cs: 1125 - Retrieving features of type [CoordSys] from Robot_No_electric
2025-05-28 04:11:13,902 INFO  ExportHelperExtension.cs: 1136 - Found 161 in Robot_No_electric
2025-05-28 04:11:13,903 INFO  ExportHelperExtension.cs: 1145 - Found 7 features of type [CoordSys] in Robot_No_electric
2025-05-28 04:11:13,903 INFO  ExportHelperExtension.cs: 1148 - Proceeding through assembly components
2025-05-28 04:11:13,904 INFO  ExportHelperExtension.cs: 1160 - 32 components to check
2025-05-28 04:11:13,904 INFO  ExportHelperExtension.cs: 1125 - Retrieving features of type [CoordSys] from 37 mm DC Geared Motor Mounting Bracket-2
2025-05-28 04:11:13,905 INFO  ExportHelperExtension.cs: 1136 - Found 48 in 37 mm DC Geared Motor Mounting Bracket-2
2025-05-28 04:11:13,905 INFO  ExportHelperExtension.cs: 1145 - Found 0 features of type [CoordSys] in 37 mm DC Geared Motor Mounting Bracket-2
2025-05-28 04:11:13,905 INFO  ExportHelperExtension.cs: 1125 - Retrieving features of type [CoordSys] from 37 mm DC Geared Motor Mounting Bracket-1
2025-05-28 04:11:13,906 INFO  ExportHelperExtension.cs: 1136 - Found 48 in 37 mm DC Geared Motor Mounting Bracket-1
2025-05-28 04:11:13,906 INFO  ExportHelperExtension.cs: 1145 - Found 0 features of type [CoordSys] in 37 mm DC Geared Motor Mounting Bracket-1
2025-05-28 04:11:13,908 INFO  ExportHelperExtension.cs: 1125 - Retrieving features of type [CoordSys] from Motor JGB37-545-11
2025-05-28 04:11:13,908 INFO  ExportHelperExtension.cs: 1136 - Found 67 in Motor JGB37-545-11
2025-05-28 04:11:13,909 INFO  ExportHelperExtension.cs: 1145 - Found 0 features of type [CoordSys] in Motor JGB37-545-11
2025-05-28 04:11:13,909 INFO  ExportHelperExtension.cs: 1125 - Retrieving features of type [CoordSys] from 37 mm DC Geared Motor Mounting Bracket-3
2025-05-28 04:11:13,910 INFO  ExportHelperExtension.cs: 1136 - Found 48 in 37 mm DC Geared Motor Mounting Bracket-3
2025-05-28 04:11:13,910 INFO  ExportHelperExtension.cs: 1145 - Found 0 features of type [CoordSys] in 37 mm DC Geared Motor Mounting Bracket-3
2025-05-28 04:11:13,911 INFO  ExportHelperExtension.cs: 1125 - Retrieving features of type [CoordSys] from floor_1-1
2025-05-28 04:11:13,911 INFO  ExportHelperExtension.cs: 1136 - Found 37 in floor_1-1
2025-05-28 04:11:13,912 INFO  ExportHelperExtension.cs: 1145 - Found 0 features of type [CoordSys] in floor_1-1
2025-05-28 04:11:13,912 INFO  ExportHelperExtension.cs: 1125 - Retrieving features of type [CoordSys] from 37 mm DC Geared Motor Mounting Bracket-4
2025-05-28 04:11:13,913 INFO  ExportHelperExtension.cs: 1136 - Found 48 in 37 mm DC Geared Motor Mounting Bracket-4
2025-05-28 04:11:13,913 INFO  ExportHelperExtension.cs: 1145 - Found 0 features of type [CoordSys] in 37 mm DC Geared Motor Mounting Bracket-4
2025-05-28 04:11:13,914 INFO  ExportHelperExtension.cs: 1125 - Retrieving features of type [CoordSys] from Motor JGB37-545-10
2025-05-28 04:11:13,914 INFO  ExportHelperExtension.cs: 1136 - Found 67 in Motor JGB37-545-10
2025-05-28 04:11:13,915 INFO  ExportHelperExtension.cs: 1145 - Found 0 features of type [CoordSys] in Motor JGB37-545-10
2025-05-28 04:11:13,915 INFO  ExportHelperExtension.cs: 1125 - Retrieving features of type [CoordSys] from floor_2-1
2025-05-28 04:11:13,916 INFO  ExportHelperExtension.cs: 1136 - Found 57 in floor_2-1
2025-05-28 04:11:13,916 INFO  ExportHelperExtension.cs: 1145 - Found 0 features of type [CoordSys] in floor_2-1
2025-05-28 04:11:13,917 INFO  ExportHelperExtension.cs: 1125 - Retrieving features of type [CoordSys] from Mecanum_Wheel_97mm_Left_ASM-1
2025-05-28 04:11:13,917 INFO  ExportHelperExtension.cs: 1136 - Found 82 in Mecanum_Wheel_97mm_Left_ASM-1
2025-05-28 04:11:13,918 INFO  ExportHelperExtension.cs: 1145 - Found 0 features of type [CoordSys] in Mecanum_Wheel_97mm_Left_ASM-1
2025-05-28 04:11:13,918 INFO  ExportHelperExtension.cs: 1125 - Retrieving features of type [CoordSys] from Rplidar_A1-1
2025-05-28 04:11:13,919 INFO  ExportHelperExtension.cs: 1136 - Found 58 in Rplidar_A1-1
2025-05-28 04:11:13,919 INFO  ExportHelperExtension.cs: 1145 - Found 0 features of type [CoordSys] in Rplidar_A1-1
2025-05-28 04:11:13,920 INFO  ExportHelperExtension.cs: 1125 - Retrieving features of type [CoordSys] from Mecanum_Wheel_97mm_Right_ASM-1
2025-05-28 04:11:13,920 INFO  ExportHelperExtension.cs: 1136 - Found 81 in Mecanum_Wheel_97mm_Right_ASM-1
2025-05-28 04:11:13,921 INFO  ExportHelperExtension.cs: 1145 - Found 0 features of type [CoordSys] in Mecanum_Wheel_97mm_Right_ASM-1
2025-05-28 04:11:13,921 INFO  ExportHelperExtension.cs: 1125 - Retrieving features of type [CoordSys] from HEX_M3_60mm-8
2025-05-28 04:11:13,922 INFO  ExportHelperExtension.cs: 1136 - Found 25 in HEX_M3_60mm-8
2025-05-28 04:11:13,922 INFO  ExportHelperExtension.cs: 1145 - Found 0 features of type [CoordSys] in HEX_M3_60mm-8
2025-05-28 04:11:13,923 INFO  ExportHelperExtension.cs: 1125 - Retrieving features of type [CoordSys] from HEX_M3_60mm-9
2025-05-28 04:11:13,923 INFO  ExportHelperExtension.cs: 1136 - Found 25 in HEX_M3_60mm-9
2025-05-28 04:11:13,924 INFO  ExportHelperExtension.cs: 1145 - Found 0 features of type [CoordSys] in HEX_M3_60mm-9
2025-05-28 04:11:13,924 INFO  ExportHelperExtension.cs: 1125 - Retrieving features of type [CoordSys] from HEX_M3_60mm-10
2025-05-28 04:11:13,924 INFO  ExportHelperExtension.cs: 1136 - Found 25 in HEX_M3_60mm-10
2025-05-28 04:11:13,925 INFO  ExportHelperExtension.cs: 1145 - Found 0 features of type [CoordSys] in HEX_M3_60mm-10
2025-05-28 04:11:13,925 INFO  ExportHelperExtension.cs: 1125 - Retrieving features of type [CoordSys] from Mecanum_Wheel_97mm_Right_ASM-2
2025-05-28 04:11:13,926 INFO  ExportHelperExtension.cs: 1136 - Found 81 in Mecanum_Wheel_97mm_Right_ASM-2
2025-05-28 04:11:13,926 INFO  ExportHelperExtension.cs: 1145 - Found 0 features of type [CoordSys] in Mecanum_Wheel_97mm_Right_ASM-2
2025-05-28 04:11:13,927 INFO  ExportHelperExtension.cs: 1125 - Retrieving features of type [CoordSys] from HEX_M3_80mm-6
2025-05-28 04:11:13,927 INFO  ExportHelperExtension.cs: 1136 - Found 25 in HEX_M3_80mm-6
2025-05-28 04:11:13,928 INFO  ExportHelperExtension.cs: 1145 - Found 0 features of type [CoordSys] in HEX_M3_80mm-6
2025-05-28 04:11:13,928 INFO  ExportHelperExtension.cs: 1125 - Retrieving features of type [CoordSys] from Motor JGB37-545-12
2025-05-28 04:11:13,928 INFO  ExportHelperExtension.cs: 1136 - Found 67 in Motor JGB37-545-12
2025-05-28 04:11:13,929 INFO  ExportHelperExtension.cs: 1145 - Found 0 features of type [CoordSys] in Motor JGB37-545-12
2025-05-28 04:11:13,929 INFO  ExportHelperExtension.cs: 1125 - Retrieving features of type [CoordSys] from Motor JGB37-545-13
2025-05-28 04:11:13,930 INFO  ExportHelperExtension.cs: 1136 - Found 67 in Motor JGB37-545-13
2025-05-28 04:11:13,930 INFO  ExportHelperExtension.cs: 1145 - Found 0 features of type [CoordSys] in Motor JGB37-545-13
2025-05-28 04:11:13,930 INFO  ExportHelperExtension.cs: 1125 - Retrieving features of type [CoordSys] from Mecanum_Wheel_97mm_Left_ASM-2
2025-05-28 04:11:13,931 INFO  ExportHelperExtension.cs: 1136 - Found 82 in Mecanum_Wheel_97mm_Left_ASM-2
2025-05-28 04:11:13,931 INFO  ExportHelperExtension.cs: 1145 - Found 0 features of type [CoordSys] in Mecanum_Wheel_97mm_Left_ASM-2
2025-05-28 04:11:13,932 INFO  ExportHelperExtension.cs: 1125 - Retrieving features of type [CoordSys] from HEX_M3_60mm-7
2025-05-28 04:11:13,932 INFO  ExportHelperExtension.cs: 1136 - Found 25 in HEX_M3_60mm-7
2025-05-28 04:11:13,933 INFO  ExportHelperExtension.cs: 1145 - Found 0 features of type [CoordSys] in HEX_M3_60mm-7
2025-05-28 04:11:13,933 INFO  ExportHelperExtension.cs: 1125 - Retrieving features of type [CoordSys] from HEX_M3_80mm-7
2025-05-28 04:11:13,933 INFO  ExportHelperExtension.cs: 1136 - Found 25 in HEX_M3_80mm-7
2025-05-28 04:11:13,934 INFO  ExportHelperExtension.cs: 1145 - Found 0 features of type [CoordSys] in HEX_M3_80mm-7
2025-05-28 04:11:13,934 INFO  ExportHelperExtension.cs: 1125 - Retrieving features of type [CoordSys] from Complete Robotic Arm Assembly (with Dual Manipulator+140mm Shank)-1
2025-05-28 04:11:13,935 INFO  ExportHelperExtension.cs: 1136 - Found 450 in Complete Robotic Arm Assembly (with Dual Manipulator+140mm Shank)-1
2025-05-28 04:11:13,937 INFO  ExportHelperExtension.cs: 1145 - Found 0 features of type [CoordSys] in Complete Robotic Arm Assembly (with Dual Manipulator+140mm Shank)-1
2025-05-28 04:11:13,938 INFO  ExportHelperExtension.cs: 1125 - Retrieving features of type [CoordSys] from floor_3-1
2025-05-28 04:11:13,938 INFO  ExportHelperExtension.cs: 1136 - Found 40 in floor_3-1
2025-05-28 04:11:13,939 INFO  ExportHelperExtension.cs: 1145 - Found 0 features of type [CoordSys] in floor_3-1
2025-05-28 04:11:13,939 INFO  ExportHelperExtension.cs: 1125 - Retrieving features of type [CoordSys] from MPU9255.step-1
2025-05-28 04:11:13,939 INFO  ExportHelperExtension.cs: 1136 - Found 41 in MPU9255.step-1
2025-05-28 04:11:13,940 INFO  ExportHelperExtension.cs: 1145 - Found 0 features of type [CoordSys] in MPU9255.step-1
2025-05-28 04:11:13,940 INFO  ExportHelperExtension.cs: 1125 - Retrieving features of type [CoordSys] from Xuong_F3-1
2025-05-28 04:11:13,941 INFO  ExportHelperExtension.cs: 1136 - Found 35 in Xuong_F3-1
2025-05-28 04:11:13,941 INFO  ExportHelperExtension.cs: 1145 - Found 0 features of type [CoordSys] in Xuong_F3-1
2025-05-28 04:11:13,942 INFO  ExportHelperExtension.cs: 1125 - Retrieving features of type [CoordSys] from HEX_M3_24mm-7
2025-05-28 04:11:13,942 INFO  ExportHelperExtension.cs: 1136 - Found 29 in HEX_M3_24mm-7
2025-05-28 04:11:13,943 INFO  ExportHelperExtension.cs: 1145 - Found 0 features of type [CoordSys] in HEX_M3_24mm-7
2025-05-28 04:11:13,943 INFO  ExportHelperExtension.cs: 1125 - Retrieving features of type [CoordSys] from HEX_M3_24mm-6
2025-05-28 04:11:13,944 INFO  ExportHelperExtension.cs: 1136 - Found 29 in HEX_M3_24mm-6
2025-05-28 04:11:13,945 INFO  ExportHelperExtension.cs: 1145 - Found 0 features of type [CoordSys] in HEX_M3_24mm-6
2025-05-28 04:11:13,945 INFO  ExportHelperExtension.cs: 1125 - Retrieving features of type [CoordSys] from HEX_M3_80mm-8
2025-05-28 04:11:13,945 INFO  ExportHelperExtension.cs: 1136 - Found 25 in HEX_M3_80mm-8
2025-05-28 04:11:13,946 INFO  ExportHelperExtension.cs: 1145 - Found 0 features of type [CoordSys] in HEX_M3_80mm-8
2025-05-28 04:11:13,946 INFO  ExportHelperExtension.cs: 1125 - Retrieving features of type [CoordSys] from HEX_M3_80mm-9
2025-05-28 04:11:13,947 INFO  ExportHelperExtension.cs: 1136 - Found 25 in HEX_M3_80mm-9
2025-05-28 04:11:13,947 INFO  ExportHelperExtension.cs: 1145 - Found 0 features of type [CoordSys] in HEX_M3_80mm-9
2025-05-28 04:11:13,947 INFO  ExportHelperExtension.cs: 1125 - Retrieving features of type [CoordSys] from HEX_M3_24mm-5
2025-05-28 04:11:13,958 INFO  ExportHelperExtension.cs: 1136 - Found 29 in HEX_M3_24mm-5
2025-05-28 04:11:13,958 INFO  ExportHelperExtension.cs: 1145 - Found 0 features of type [CoordSys] in HEX_M3_24mm-5
2025-05-28 04:11:13,959 INFO  ExportHelperExtension.cs: 1125 - Retrieving features of type [CoordSys] from Xuong_F1-1
2025-05-28 04:11:13,959 INFO  ExportHelperExtension.cs: 1136 - Found 32 in Xuong_F1-1
2025-05-28 04:11:13,959 INFO  ExportHelperExtension.cs: 1145 - Found 0 features of type [CoordSys] in Xuong_F1-1
2025-05-28 04:11:13,960 INFO  ExportHelperExtension.cs: 1125 - Retrieving features of type [CoordSys] from HEX_M3_24mm-8
2025-05-28 04:11:13,960 INFO  ExportHelperExtension.cs: 1136 - Found 29 in HEX_M3_24mm-8
2025-05-28 04:11:13,961 INFO  ExportHelperExtension.cs: 1145 - Found 0 features of type [CoordSys] in HEX_M3_24mm-8
2025-05-28 04:11:13,961 INFO  ExportHelperExtension.cs: 1125 - Retrieving features of type [RefAxis] from Robot_No_electric
2025-05-28 04:11:13,961 INFO  ExportHelperExtension.cs: 1136 - Found 161 in Robot_No_electric
2025-05-28 04:11:13,962 INFO  ExportHelperExtension.cs: 1145 - Found 4 features of type [RefAxis] in Robot_No_electric
2025-05-28 04:11:13,962 INFO  ExportHelperExtension.cs: 1148 - Proceeding through assembly components
2025-05-28 04:11:13,963 INFO  ExportHelperExtension.cs: 1160 - 32 components to check
2025-05-28 04:11:13,963 INFO  ExportHelperExtension.cs: 1125 - Retrieving features of type [RefAxis] from 37 mm DC Geared Motor Mounting Bracket-2
2025-05-28 04:11:13,964 INFO  ExportHelperExtension.cs: 1136 - Found 48 in 37 mm DC Geared Motor Mounting Bracket-2
2025-05-28 04:11:13,964 INFO  ExportHelperExtension.cs: 1145 - Found 0 features of type [RefAxis] in 37 mm DC Geared Motor Mounting Bracket-2
2025-05-28 04:11:13,964 INFO  ExportHelperExtension.cs: 1125 - Retrieving features of type [RefAxis] from 37 mm DC Geared Motor Mounting Bracket-1
2025-05-28 04:11:13,965 INFO  ExportHelperExtension.cs: 1136 - Found 48 in 37 mm DC Geared Motor Mounting Bracket-1
2025-05-28 04:11:13,965 INFO  ExportHelperExtension.cs: 1145 - Found 0 features of type [RefAxis] in 37 mm DC Geared Motor Mounting Bracket-1
2025-05-28 04:11:13,965 INFO  ExportHelperExtension.cs: 1125 - Retrieving features of type [RefAxis] from Motor JGB37-545-11
2025-05-28 04:11:13,966 INFO  ExportHelperExtension.cs: 1136 - Found 67 in Motor JGB37-545-11
2025-05-28 04:11:13,966 INFO  ExportHelperExtension.cs: 1145 - Found 0 features of type [RefAxis] in Motor JGB37-545-11
2025-05-28 04:11:13,967 INFO  ExportHelperExtension.cs: 1125 - Retrieving features of type [RefAxis] from 37 mm DC Geared Motor Mounting Bracket-3
2025-05-28 04:11:13,967 INFO  ExportHelperExtension.cs: 1136 - Found 48 in 37 mm DC Geared Motor Mounting Bracket-3
2025-05-28 04:11:13,967 INFO  ExportHelperExtension.cs: 1145 - Found 0 features of type [RefAxis] in 37 mm DC Geared Motor Mounting Bracket-3
2025-05-28 04:11:13,968 INFO  ExportHelperExtension.cs: 1125 - Retrieving features of type [RefAxis] from floor_1-1
2025-05-28 04:11:13,968 INFO  ExportHelperExtension.cs: 1136 - Found 37 in floor_1-1
2025-05-28 04:11:13,969 INFO  ExportHelperExtension.cs: 1145 - Found 0 features of type [RefAxis] in floor_1-1
2025-05-28 04:11:13,969 INFO  ExportHelperExtension.cs: 1125 - Retrieving features of type [RefAxis] from 37 mm DC Geared Motor Mounting Bracket-4
2025-05-28 04:11:13,969 INFO  ExportHelperExtension.cs: 1136 - Found 48 in 37 mm DC Geared Motor Mounting Bracket-4
2025-05-28 04:11:13,970 INFO  ExportHelperExtension.cs: 1145 - Found 0 features of type [RefAxis] in 37 mm DC Geared Motor Mounting Bracket-4
2025-05-28 04:11:13,970 INFO  ExportHelperExtension.cs: 1125 - Retrieving features of type [RefAxis] from Motor JGB37-545-10
2025-05-28 04:11:13,970 INFO  ExportHelperExtension.cs: 1136 - Found 67 in Motor JGB37-545-10
2025-05-28 04:11:13,971 INFO  ExportHelperExtension.cs: 1145 - Found 0 features of type [RefAxis] in Motor JGB37-545-10
2025-05-28 04:11:13,971 INFO  ExportHelperExtension.cs: 1125 - Retrieving features of type [RefAxis] from floor_2-1
2025-05-28 04:11:13,971 INFO  ExportHelperExtension.cs: 1136 - Found 57 in floor_2-1
2025-05-28 04:11:13,972 INFO  ExportHelperExtension.cs: 1145 - Found 0 features of type [RefAxis] in floor_2-1
2025-05-28 04:11:13,972 INFO  ExportHelperExtension.cs: 1125 - Retrieving features of type [RefAxis] from Mecanum_Wheel_97mm_Left_ASM-1
2025-05-28 04:11:13,973 INFO  ExportHelperExtension.cs: 1136 - Found 82 in Mecanum_Wheel_97mm_Left_ASM-1
2025-05-28 04:11:13,973 INFO  ExportHelperExtension.cs: 1145 - Found 0 features of type [RefAxis] in Mecanum_Wheel_97mm_Left_ASM-1
2025-05-28 04:11:13,974 INFO  ExportHelperExtension.cs: 1125 - Retrieving features of type [RefAxis] from Rplidar_A1-1
2025-05-28 04:11:13,974 INFO  ExportHelperExtension.cs: 1136 - Found 58 in Rplidar_A1-1
2025-05-28 04:11:13,975 INFO  ExportHelperExtension.cs: 1145 - Found 0 features of type [RefAxis] in Rplidar_A1-1
2025-05-28 04:11:13,975 INFO  ExportHelperExtension.cs: 1125 - Retrieving features of type [RefAxis] from Mecanum_Wheel_97mm_Right_ASM-1
2025-05-28 04:11:13,976 INFO  ExportHelperExtension.cs: 1136 - Found 81 in Mecanum_Wheel_97mm_Right_ASM-1
2025-05-28 04:11:13,976 INFO  ExportHelperExtension.cs: 1145 - Found 0 features of type [RefAxis] in Mecanum_Wheel_97mm_Right_ASM-1
2025-05-28 04:11:13,976 INFO  ExportHelperExtension.cs: 1125 - Retrieving features of type [RefAxis] from HEX_M3_60mm-8
2025-05-28 04:11:13,977 INFO  ExportHelperExtension.cs: 1136 - Found 25 in HEX_M3_60mm-8
2025-05-28 04:11:13,977 INFO  ExportHelperExtension.cs: 1145 - Found 0 features of type [RefAxis] in HEX_M3_60mm-8
2025-05-28 04:11:13,977 INFO  ExportHelperExtension.cs: 1125 - Retrieving features of type [RefAxis] from HEX_M3_60mm-9
2025-05-28 04:11:13,978 INFO  ExportHelperExtension.cs: 1136 - Found 25 in HEX_M3_60mm-9
2025-05-28 04:11:13,978 INFO  ExportHelperExtension.cs: 1145 - Found 0 features of type [RefAxis] in HEX_M3_60mm-9
2025-05-28 04:11:13,978 INFO  ExportHelperExtension.cs: 1125 - Retrieving features of type [RefAxis] from HEX_M3_60mm-10
2025-05-28 04:11:13,979 INFO  ExportHelperExtension.cs: 1136 - Found 25 in HEX_M3_60mm-10
2025-05-28 04:11:13,979 INFO  ExportHelperExtension.cs: 1145 - Found 0 features of type [RefAxis] in HEX_M3_60mm-10
2025-05-28 04:11:13,979 INFO  ExportHelperExtension.cs: 1125 - Retrieving features of type [RefAxis] from Mecanum_Wheel_97mm_Right_ASM-2
2025-05-28 04:11:13,980 INFO  ExportHelperExtension.cs: 1136 - Found 81 in Mecanum_Wheel_97mm_Right_ASM-2
2025-05-28 04:11:13,980 INFO  ExportHelperExtension.cs: 1145 - Found 0 features of type [RefAxis] in Mecanum_Wheel_97mm_Right_ASM-2
2025-05-28 04:11:13,981 INFO  ExportHelperExtension.cs: 1125 - Retrieving features of type [RefAxis] from HEX_M3_80mm-6
2025-05-28 04:11:13,981 INFO  ExportHelperExtension.cs: 1136 - Found 25 in HEX_M3_80mm-6
2025-05-28 04:11:13,981 INFO  ExportHelperExtension.cs: 1145 - Found 0 features of type [RefAxis] in HEX_M3_80mm-6
2025-05-28 04:11:13,982 INFO  ExportHelperExtension.cs: 1125 - Retrieving features of type [RefAxis] from Motor JGB37-545-12
2025-05-28 04:11:13,982 INFO  ExportHelperExtension.cs: 1136 - Found 67 in Motor JGB37-545-12
2025-05-28 04:11:13,982 INFO  ExportHelperExtension.cs: 1145 - Found 0 features of type [RefAxis] in Motor JGB37-545-12
2025-05-28 04:11:13,983 INFO  ExportHelperExtension.cs: 1125 - Retrieving features of type [RefAxis] from Motor JGB37-545-13
2025-05-28 04:11:13,983 INFO  ExportHelperExtension.cs: 1136 - Found 67 in Motor JGB37-545-13
2025-05-28 04:11:13,984 INFO  ExportHelperExtension.cs: 1145 - Found 0 features of type [RefAxis] in Motor JGB37-545-13
2025-05-28 04:11:13,984 INFO  ExportHelperExtension.cs: 1125 - Retrieving features of type [RefAxis] from Mecanum_Wheel_97mm_Left_ASM-2
2025-05-28 04:11:13,984 INFO  ExportHelperExtension.cs: 1136 - Found 82 in Mecanum_Wheel_97mm_Left_ASM-2
2025-05-28 04:11:13,985 INFO  ExportHelperExtension.cs: 1145 - Found 0 features of type [RefAxis] in Mecanum_Wheel_97mm_Left_ASM-2
2025-05-28 04:11:13,985 INFO  ExportHelperExtension.cs: 1125 - Retrieving features of type [RefAxis] from HEX_M3_60mm-7
2025-05-28 04:11:13,985 INFO  ExportHelperExtension.cs: 1136 - Found 25 in HEX_M3_60mm-7
2025-05-28 04:11:13,986 INFO  ExportHelperExtension.cs: 1145 - Found 0 features of type [RefAxis] in HEX_M3_60mm-7
2025-05-28 04:11:13,986 INFO  ExportHelperExtension.cs: 1125 - Retrieving features of type [RefAxis] from HEX_M3_80mm-7
2025-05-28 04:11:13,986 INFO  ExportHelperExtension.cs: 1136 - Found 25 in HEX_M3_80mm-7
2025-05-28 04:11:13,986 INFO  ExportHelperExtension.cs: 1145 - Found 0 features of type [RefAxis] in HEX_M3_80mm-7
2025-05-28 04:11:13,987 INFO  ExportHelperExtension.cs: 1125 - Retrieving features of type [RefAxis] from Complete Robotic Arm Assembly (with Dual Manipulator+140mm Shank)-1
2025-05-28 04:11:13,988 INFO  ExportHelperExtension.cs: 1136 - Found 450 in Complete Robotic Arm Assembly (with Dual Manipulator+140mm Shank)-1
2025-05-28 04:11:13,990 INFO  ExportHelperExtension.cs: 1145 - Found 0 features of type [RefAxis] in Complete Robotic Arm Assembly (with Dual Manipulator+140mm Shank)-1
2025-05-28 04:11:13,990 INFO  ExportHelperExtension.cs: 1125 - Retrieving features of type [RefAxis] from floor_3-1
2025-05-28 04:11:13,991 INFO  ExportHelperExtension.cs: 1136 - Found 40 in floor_3-1
2025-05-28 04:11:13,991 INFO  ExportHelperExtension.cs: 1145 - Found 0 features of type [RefAxis] in floor_3-1
2025-05-28 04:11:13,991 INFO  ExportHelperExtension.cs: 1125 - Retrieving features of type [RefAxis] from MPU9255.step-1
2025-05-28 04:11:13,992 INFO  ExportHelperExtension.cs: 1136 - Found 41 in MPU9255.step-1
2025-05-28 04:11:13,992 INFO  ExportHelperExtension.cs: 1145 - Found 0 features of type [RefAxis] in MPU9255.step-1
2025-05-28 04:11:13,993 INFO  ExportHelperExtension.cs: 1125 - Retrieving features of type [RefAxis] from Xuong_F3-1
2025-05-28 04:11:13,993 INFO  ExportHelperExtension.cs: 1136 - Found 35 in Xuong_F3-1
2025-05-28 04:11:13,993 INFO  ExportHelperExtension.cs: 1145 - Found 0 features of type [RefAxis] in Xuong_F3-1
2025-05-28 04:11:13,994 INFO  ExportHelperExtension.cs: 1125 - Retrieving features of type [RefAxis] from HEX_M3_24mm-7
2025-05-28 04:11:13,994 INFO  ExportHelperExtension.cs: 1136 - Found 29 in HEX_M3_24mm-7
2025-05-28 04:11:13,994 INFO  ExportHelperExtension.cs: 1145 - Found 0 features of type [RefAxis] in HEX_M3_24mm-7
2025-05-28 04:11:13,995 INFO  ExportHelperExtension.cs: 1125 - Retrieving features of type [RefAxis] from HEX_M3_24mm-6
2025-05-28 04:11:13,995 INFO  ExportHelperExtension.cs: 1136 - Found 29 in HEX_M3_24mm-6
2025-05-28 04:11:13,995 INFO  ExportHelperExtension.cs: 1145 - Found 0 features of type [RefAxis] in HEX_M3_24mm-6
2025-05-28 04:11:13,996 INFO  ExportHelperExtension.cs: 1125 - Retrieving features of type [RefAxis] from HEX_M3_80mm-8
2025-05-28 04:11:13,996 INFO  ExportHelperExtension.cs: 1136 - Found 25 in HEX_M3_80mm-8
2025-05-28 04:11:13,996 INFO  ExportHelperExtension.cs: 1145 - Found 0 features of type [RefAxis] in HEX_M3_80mm-8
2025-05-28 04:11:13,997 INFO  ExportHelperExtension.cs: 1125 - Retrieving features of type [RefAxis] from HEX_M3_80mm-9
2025-05-28 04:11:13,997 INFO  ExportHelperExtension.cs: 1136 - Found 25 in HEX_M3_80mm-9
2025-05-28 04:11:13,997 INFO  ExportHelperExtension.cs: 1145 - Found 0 features of type [RefAxis] in HEX_M3_80mm-9
2025-05-28 04:11:13,997 INFO  ExportHelperExtension.cs: 1125 - Retrieving features of type [RefAxis] from HEX_M3_24mm-5
2025-05-28 04:11:13,998 INFO  ExportHelperExtension.cs: 1136 - Found 29 in HEX_M3_24mm-5
2025-05-28 04:11:13,998 INFO  ExportHelperExtension.cs: 1145 - Found 0 features of type [RefAxis] in HEX_M3_24mm-5
2025-05-28 04:11:13,998 INFO  ExportHelperExtension.cs: 1125 - Retrieving features of type [RefAxis] from Xuong_F1-1
2025-05-28 04:11:13,999 INFO  ExportHelperExtension.cs: 1136 - Found 32 in Xuong_F1-1
2025-05-28 04:11:13,999 INFO  ExportHelperExtension.cs: 1145 - Found 0 features of type [RefAxis] in Xuong_F1-1
2025-05-28 04:11:14,000 INFO  ExportHelperExtension.cs: 1125 - Retrieving features of type [RefAxis] from HEX_M3_24mm-8
2025-05-28 04:11:14,000 INFO  ExportHelperExtension.cs: 1136 - Found 29 in HEX_M3_24mm-8
2025-05-28 04:11:14,000 INFO  ExportHelperExtension.cs: 1145 - Found 0 features of type [RefAxis] in HEX_M3_24mm-8
2025-05-28 04:11:14,078 INFO  ExportPropertyManager.cs: 1142 - AfterClose called. This method no longer throws an Exception. It just silently does nothing. Ok, except for this logging message
2025-05-28 04:16:11,304 INFO  AssemblyExportForm.cs: 253 - Completing URDF export
2025-05-28 04:16:11,322 INFO  ConfigurationSerialization.cs: 276 - URDF Configuration found
<Link z:Id="i1" xmlns="http://schemas.datacontract.org/2004/07/SW2URDF" xmlns:i="http://www.w3.org/2001/XMLSchema-instance" xmlns:z="http://schemas.microsoft.com/2003/10/Serialization/"><Attributes><Attribute z:Id="i2"><AttributeType>name</AttributeType><IsRequired>true</IsRequired><Value i:type="a:string" xmlns:a="http://www.w3.org/2001/XMLSchema">base_link</Value></Attribute></Attributes><ChildElements><URDFElement z:Id="i3" i:type="Inertial"><Attributes/><ChildElements><URDFElement z:Id="i4" i:type="Origin"><Attributes><Attribute z:Id="i5"><AttributeType>xyz</AttributeType><IsRequired>true</IsRequired><Value i:type="a:ArrayOfdouble" xmlns:a="http://schemas.microsoft.com/2003/10/Serialization/Arrays"><a:double>0</a:double><a:double>0</a:double><a:double>0</a:double></Value></Attribute><Attribute z:Id="i6"><AttributeType>rpy</AttributeType><IsRequired>true</IsRequired><Value i:type="a:ArrayOfdouble" xmlns:a="http://schemas.microsoft.com/2003/10/Serialization/Arrays"><a:double>0</a:double><a:double>0</a:double><a:double>0</a:double></Value></Attribute></Attributes><ChildElements/><ElementName>origin</ElementName><required>false</required><RPYAttribute z:Ref="i6"/><XYZAttribute z:Ref="i5"/><isCustomized>false</isCustomized></URDFElement><URDFElement z:Id="i7" i:type="Mass"><Attributes><Attribute z:Id="i8"><AttributeType>value</AttributeType><IsRequired>true</IsRequired><Value i:type="a:double" xmlns:a="http://www.w3.org/2001/XMLSchema">0</Value></Attribute></Attributes><ChildElements/><ElementName>mass</ElementName><required>false</required><ValueAttribute z:Ref="i8"/></URDFElement><URDFElement z:Id="i9" i:type="Inertia"><Attributes><Attribute z:Id="i10"><AttributeType>ixx</AttributeType><IsRequired>true</IsRequired><Value i:type="a:double" xmlns:a="http://www.w3.org/2001/XMLSchema">0</Value></Attribute><Attribute z:Id="i11"><AttributeType>ixy</AttributeType><IsRequired>true</IsRequired><Value i:type="a:double" xmlns:a="http://www.w3.org/2001/XMLSchema">0</Value></Attribute><Attribute z:Id="i12"><AttributeType>ixz</AttributeType><IsRequired>true</IsRequired><Value i:type="a:double" xmlns:a="http://www.w3.org/2001/XMLSchema">0</Value></Attribute><Attribute z:Id="i13"><AttributeType>iyy</AttributeType><IsRequired>true</IsRequired><Value i:type="a:double" xmlns:a="http://www.w3.org/2001/XMLSchema">0</Value></Attribute><Attribute z:Id="i14"><AttributeType>iyz</AttributeType><IsRequired>true</IsRequired><Value i:type="a:double" xmlns:a="http://www.w3.org/2001/XMLSchema">0</Value></Attribute><Attribute z:Id="i15"><AttributeType>izz</AttributeType><IsRequired>true</IsRequired><Value i:type="a:double" xmlns:a="http://www.w3.org/2001/XMLSchema">0</Value></Attribute></Attributes><ChildElements/><ElementName>inertia</ElementName><required>false</required><IxxAttribute z:Ref="i10"/><IxyAttribute z:Ref="i11"/><IxzAttribute z:Ref="i12"/><IyyAttribute z:Ref="i13"/><IyzAttribute z:Ref="i14"/><IzzAttribute z:Ref="i15"/></URDFElement></ChildElements><ElementName>inertial</ElementName><required>false</required><Inertia z:Ref="i9"/><Mass z:Ref="i7"/><Origin z:Ref="i4"/></URDFElement><URDFElement z:Id="i16" i:type="Visual"><Attributes/><ChildElements><URDFElement z:Id="i17" i:type="Origin"><Attributes><Attribute z:Id="i18"><AttributeType>xyz</AttributeType><IsRequired>true</IsRequired><Value i:type="a:ArrayOfdouble" xmlns:a="http://schemas.microsoft.com/2003/10/Serialization/Arrays"><a:double>0</a:double><a:double>0</a:double><a:double>0</a:double></Value></Attribute><Attribute z:Id="i19"><AttributeType>rpy</AttributeType><IsRequired>true</IsRequired><Value i:type="a:ArrayOfdouble" xmlns:a="http://schemas.microsoft.com/2003/10/Serialization/Arrays"><a:double>0</a:double><a:double>0</a:double><a:double>0</a:double></Value></Attribute></Attributes><ChildElements/><ElementName>origin</ElementName><required>false</required><RPYAttribute z:Ref="i19"/><XYZAttribute z:Ref="i18"/><isCustomized>false</isCustomized></URDFElement><URDFElement z:Id="i20" i:type="Geometry"><Attributes/><ChildElements><URDFElement z:Id="i21" i:type="Mesh"><Attributes><Attribute z:Id="i22"><AttributeType>filename</AttributeType><IsRequired>true</IsRequired><Value i:nil="true"/></Attribute></Attributes><ChildElements/><ElementName>mesh</ElementName><required>false</required><FilenameAttribute z:Ref="i22"/></URDFElement></ChildElements><ElementName>geometry</ElementName><required>true</required><Mesh z:Ref="i21"/></URDFElement><URDFElement z:Id="i23" i:type="Material"><Attributes><Attribute z:Id="i24"><AttributeType>name</AttributeType><IsRequired>true</IsRequired><Value i:type="a:string" xmlns:a="http://www.w3.org/2001/XMLSchema"/></Attribute></Attributes><ChildElements><URDFElement z:Id="i25" i:type="Color"><Attributes><Attribute z:Id="i26"><AttributeType>rgba</AttributeType><IsRequired>true</IsRequired><Value i:type="a:ArrayOfdouble" xmlns:a="http://schemas.microsoft.com/2003/10/Serialization/Arrays"><a:double>1</a:double><a:double>1</a:double><a:double>1</a:double><a:double>1</a:double></Value></Attribute></Attributes><ChildElements/><ElementName>color</ElementName><required>false</required><RGBAAttribute z:Ref="i26"/></URDFElement><URDFElement z:Id="i27" i:type="Texture"><Attributes><Attribute z:Id="i28"><AttributeType>filename</AttributeType><IsRequired>true</IsRequired><Value i:nil="true"/></Attribute></Attributes><ChildElements/><ElementName>texture</ElementName><required>false</required><FilenameAttribute z:Ref="i28"/><wFilename/></URDFElement></ChildElements><ElementName>material</ElementName><required>false</required><Color z:Ref="i25"/><NameAttribute z:Ref="i24"/><Texture z:Ref="i27"/></URDFElement></ChildElements><ElementName>visual</ElementName><required>false</required><Geometry z:Ref="i20"/><Material z:Ref="i23"/><Origin z:Ref="i17"/></URDFElement><URDFElement z:Id="i29" i:type="Collision"><Attributes/><ChildElements><URDFElement z:Id="i30" i:type="Origin"><Attributes><Attribute z:Id="i31"><AttributeType>xyz</AttributeType><IsRequired>true</IsRequired><Value i:type="a:ArrayOfdouble" xmlns:a="http://schemas.microsoft.com/2003/10/Serialization/Arrays"><a:double>0</a:double><a:double>0</a:double><a:double>0</a:double></Value></Attribute><Attribute z:Id="i32"><AttributeType>rpy</AttributeType><IsRequired>true</IsRequired><Value i:type="a:ArrayOfdouble" xmlns:a="http://schemas.microsoft.com/2003/10/Serialization/Arrays"><a:double>0</a:double><a:double>0</a:double><a:double>0</a:double></Value></Attribute></Attributes><ChildElements/><ElementName>origin</ElementName><required>false</required><RPYAttribute z:Ref="i32"/><XYZAttribute z:Ref="i31"/><isCustomized>false</isCustomized></URDFElement><URDFElement z:Id="i33" i:type="Geometry"><Attributes/><ChildElements><URDFElement z:Id="i34" i:type="Mesh"><Attributes><Attribute z:Id="i35"><AttributeType>filename</AttributeType><IsRequired>true</IsRequired><Value i:nil="true"/></Attribute></Attributes><ChildElements/><ElementName>mesh</ElementName><required>false</required><FilenameAttribute z:Ref="i35"/></URDFElement></ChildElements><ElementName>geometry</ElementName><required>true</required><Mesh z:Ref="i34"/></URDFElement></ChildElements><ElementName>collision</ElementName><required>false</required><Geometry z:Ref="i33"/><Origin z:Ref="i30"/></URDFElement><URDFElement z:Id="i36" i:type="Joint"><Attributes><Attribute z:Id="i37"><AttributeType>name</AttributeType><IsRequired>true</IsRequired><Value i:type="a:string" xmlns:a="http://www.w3.org/2001/XMLSchema"/></Attribute><Attribute z:Id="i38"><AttributeType>type</AttributeType><IsRequired>true</IsRequired><Value i:type="a:string" xmlns:a="http://www.w3.org/2001/XMLSchema"/></Attribute></Attributes><ChildElements><URDFElement z:Id="i39" i:type="Origin"><Attributes><Attribute z:Id="i40"><AttributeType>xyz</AttributeType><IsRequired>true</IsRequired><Value i:type="a:ArrayOfdouble" xmlns:a="http://schemas.microsoft.com/2003/10/Serialization/Arrays"><a:double>0</a:double><a:double>0</a:double><a:double>0</a:double></Value></Attribute><Attribute z:Id="i41"><AttributeType>rpy</AttributeType><IsRequired>true</IsRequired><Value i:type="a:ArrayOfdouble" xmlns:a="http://schemas.microsoft.com/2003/10/Serialization/Arrays"><a:double>0</a:double><a:double>0</a:double><a:double>0</a:double></Value></Attribute></Attributes><ChildElements/><ElementName>origin</ElementName><required>false</required><RPYAttribute z:Ref="i41"/><XYZAttribute z:Ref="i40"/><isCustomized>false</isCustomized></URDFElement><URDFElement z:Id="i42" i:type="ParentLink"><Attributes><Attribute z:Id="i43"><AttributeType>link</AttributeType><IsRequired>true</IsRequired><Value i:type="a:string" xmlns:a="http://www.w3.org/2001/XMLSchema"/></Attribute></Attributes><ChildElements/><ElementName>parent</ElementName><required>true</required><NameAttribute z:Ref="i43"/></URDFElement><URDFElement z:Id="i44" i:type="ChildLink"><Attributes><Attribute z:Id="i45"><AttributeType>link</AttributeType><IsRequired>true</IsRequired><Value i:type="a:string" xmlns:a="http://www.w3.org/2001/XMLSchema"/></Attribute></Attributes><ChildElements/><ElementName>child</ElementName><required>true</required><NameAttribute z:Ref="i45"/></URDFElement><URDFElement z:Id="i46" i:type="Axis"><Attributes><Attribute z:Id="i47"><AttributeType>xyz</AttributeType><IsRequired>true</IsRequired><Value i:type="a:ArrayOfdouble" xmlns:a="http://schemas.microsoft.com/2003/10/Serialization/Arrays"><a:double>0</a:double><a:double>0</a:double><a:double>0</a:double></Value></Attribute></Attributes><ChildElements/><ElementName>axis</ElementName><required>false</required><XYZAttribute z:Ref="i47"/></URDFElement><URDFElement z:Id="i48" i:type="Limit"><Attributes><Attribute z:Id="i49"><AttributeType>lower</AttributeType><IsRequired>false</IsRequired><Value i:nil="true"/></Attribute><Attribute z:Id="i50"><AttributeType>upper</AttributeType><IsRequired>false</IsRequired><Value i:nil="true"/></Attribute><Attribute z:Id="i51"><AttributeType>effort</AttributeType><IsRequired>true</IsRequired><Value i:nil="true"/></Attribute><Attribute z:Id="i52"><AttributeType>velocity</AttributeType><IsRequired>true</IsRequired><Value i:nil="true"/></Attribute></Attributes><ChildElements/><ElementName>limit</ElementName><required>false</required><EffortAttribute z:Ref="i51"/><LowerAttribute z:Ref="i49"/><UpperAttribute z:Ref="i50"/><VelocityAttribute z:Ref="i52"/></URDFElement><URDFElement z:Id="i53" i:type="Calibration"><Attributes><Attribute z:Id="i54"><AttributeType>rising</AttributeType><IsRequired>false</IsRequired><Value i:nil="true"/></Attribute><Attribute z:Id="i55"><AttributeType>falling</AttributeType><IsRequired>false</IsRequired><Value i:nil="true"/></Attribute></Attributes><ChildElements/><ElementName>calibration</ElementName><required>false</required><FallingAttribute z:Ref="i55"/><RisingAttribute z:Ref="i54"/></URDFElement><URDFElement z:Id="i56" i:type="Dynamics"><Attributes><Attribute z:Id="i57"><AttributeType>damping</AttributeType><IsRequired>false</IsRequired><Value i:nil="true"/></Attribute><Attribute z:Id="i58"><AttributeType>friction</AttributeType><IsRequired>false</IsRequired><Value i:nil="true"/></Attribute></Attributes><ChildElements/><ElementName>dynamics</ElementName><required>false</required><DampingAttribute z:Ref="i57"/><FrictionAttribute z:Ref="i58"/></URDFElement><URDFElement z:Id="i59" i:type="SafetyController"><Attributes><Attribute z:Id="i60"><AttributeType>soft_upper_limit</AttributeType><IsRequired>false</IsRequired><Value i:nil="true"/></Attribute><Attribute z:Id="i61"><AttributeType>soft_lower_limit</AttributeType><IsRequired>false</IsRequired><Value i:nil="true"/></Attribute><Attribute z:Id="i62"><AttributeType>k_position</AttributeType><IsRequired>false</IsRequired><Value i:nil="true"/></Attribute><Attribute z:Id="i63"><AttributeType>k_velocity</AttributeType><IsRequired>true</IsRequired><Value i:nil="true"/></Attribute></Attributes><ChildElements/><ElementName>safety_controller</ElementName><required>false</required><KPositionAttribute z:Ref="i62"/><KVelocityAttribute z:Ref="i63"/><SoftLowerAttribute z:Ref="i61"/><SoftUpperAttribute z:Ref="i60"/></URDFElement><URDFElement z:Id="i64" i:type="Mimic"><Attributes><Attribute z:Id="i65"><AttributeType>joint</AttributeType><IsRequired>true</IsRequired><Value i:nil="true"/></Attribute><Attribute z:Id="i66"><AttributeType>multiplier</AttributeType><IsRequired>false</IsRequired><Value i:nil="true"/></Attribute><Attribute z:Id="i67"><AttributeType>offset</AttributeType><IsRequired>false</IsRequired><Value i:nil="true"/></Attribute></Attributes><ChildElements/><ElementName>mimic</ElementName><required>false</required><JointNameAttribute z:Ref="i65"/><MultiplierAttribute z:Ref="i66"/><OffsetAttribute z:Ref="i67"/></URDFElement></ChildElements><ElementName>joint</ElementName><required>false</required><Axis z:Ref="i46"/><AxisName/><Calibration z:Ref="i53"/><Child z:Ref="i44"/><CoordinateSystemName>BASE Axis</CoordinateSystemName><Dynamics z:Ref="i56"/><Limit z:Ref="i48"/><Mimic z:Ref="i64"/><NameAttribute z:Ref="i37"/><Origin z:Ref="i39"/><Parent z:Ref="i42"/><Safety z:Ref="i59"/><TypeAttribute z:Ref="i38"/></URDFElement></ChildElements><ElementName>link</ElementName><required>true</required><Children><Link z:Id="i68"><Attributes><Attribute z:Id="i69"><AttributeType>name</AttributeType><IsRequired>true</IsRequired><Value i:type="a:string" xmlns:a="http://www.w3.org/2001/XMLSchema">wheel_0</Value></Attribute></Attributes><ChildElements><URDFElement z:Id="i70" i:type="Inertial"><Attributes/><ChildElements><URDFElement z:Id="i71" i:type="Origin"><Attributes><Attribute z:Id="i72"><AttributeType>xyz</AttributeType><IsRequired>true</IsRequired><Value i:type="a:ArrayOfdouble" xmlns:a="http://schemas.microsoft.com/2003/10/Serialization/Arrays"><a:double>0</a:double><a:double>0</a:double><a:double>0</a:double></Value></Attribute><Attribute z:Id="i73"><AttributeType>rpy</AttributeType><IsRequired>true</IsRequired><Value i:type="a:ArrayOfdouble" xmlns:a="http://schemas.microsoft.com/2003/10/Serialization/Arrays"><a:double>0</a:double><a:double>0</a:double><a:double>0</a:double></Value></Attribute></Attributes><ChildElements/><ElementName>origin</ElementName><required>false</required><RPYAttribute z:Ref="i73"/><XYZAttribute z:Ref="i72"/><isCustomized>false</isCustomized></URDFElement><URDFElement z:Id="i74" i:type="Mass"><Attributes><Attribute z:Id="i75"><AttributeType>value</AttributeType><IsRequired>true</IsRequired><Value i:type="a:double" xmlns:a="http://www.w3.org/2001/XMLSchema">0</Value></Attribute></Attributes><ChildElements/><ElementName>mass</ElementName><required>false</required><ValueAttribute z:Ref="i75"/></URDFElement><URDFElement z:Id="i76" i:type="Inertia"><Attributes><Attribute z:Id="i77"><AttributeType>ixx</AttributeType><IsRequired>true</IsRequired><Value i:type="a:double" xmlns:a="http://www.w3.org/2001/XMLSchema">0</Value></Attribute><Attribute z:Id="i78"><AttributeType>ixy</AttributeType><IsRequired>true</IsRequired><Value i:type="a:double" xmlns:a="http://www.w3.org/2001/XMLSchema">0</Value></Attribute><Attribute z:Id="i79"><AttributeType>ixz</AttributeType><IsRequired>true</IsRequired><Value i:type="a:double" xmlns:a="http://www.w3.org/2001/XMLSchema">0</Value></Attribute><Attribute z:Id="i80"><AttributeType>iyy</AttributeType><IsRequired>true</IsRequired><Value i:type="a:double" xmlns:a="http://www.w3.org/2001/XMLSchema">0</Value></Attribute><Attribute z:Id="i81"><AttributeType>iyz</AttributeType><IsRequired>true</IsRequired><Value i:type="a:double" xmlns:a="http://www.w3.org/2001/XMLSchema">0</Value></Attribute><Attribute z:Id="i82"><AttributeType>izz</AttributeType><IsRequired>true</IsRequired><Value i:type="a:double" xmlns:a="http://www.w3.org/2001/XMLSchema">0</Value></Attribute></Attributes><ChildElements/><ElementName>inertia</ElementName><required>false</required><IxxAttribute z:Ref="i77"/><IxyAttribute z:Ref="i78"/><IxzAttribute z:Ref="i79"/><IyyAttribute z:Ref="i80"/><IyzAttribute z:Ref="i81"/><IzzAttribute z:Ref="i82"/></URDFElement></ChildElements><ElementName>inertial</ElementName><required>false</required><Inertia z:Ref="i76"/><Mass z:Ref="i74"/><Origin z:Ref="i71"/></URDFElement><URDFElement z:Id="i83" i:type="Visual"><Attributes/><ChildElements><URDFElement z:Id="i84" i:type="Origin"><Attributes><Attribute z:Id="i85"><AttributeType>xyz</AttributeType><IsRequired>true</IsRequired><Value i:type="a:ArrayOfdouble" xmlns:a="http://schemas.microsoft.com/2003/10/Serialization/Arrays"><a:double>0</a:double><a:double>0</a:double><a:double>0</a:double></Value></Attribute><Attribute z:Id="i86"><AttributeType>rpy</AttributeType><IsRequired>true</IsRequired><Value i:type="a:ArrayOfdouble" xmlns:a="http://schemas.microsoft.com/2003/10/Serialization/Arrays"><a:double>0</a:double><a:double>0</a:double><a:double>0</a:double></Value></Attribute></Attributes><ChildElements/><ElementName>origin</ElementName><required>false</required><RPYAttribute z:Ref="i86"/><XYZAttribute z:Ref="i85"/><isCustomized>false</isCustomized></URDFElement><URDFElement z:Id="i87" i:type="Geometry"><Attributes/><ChildElements><URDFElement z:Id="i88" i:type="Mesh"><Attributes><Attribute z:Id="i89"><AttributeType>filename</AttributeType><IsRequired>true</IsRequired><Value i:nil="true"/></Attribute></Attributes><ChildElements/><ElementName>mesh</ElementName><required>false</required><FilenameAttribute z:Ref="i89"/></URDFElement></ChildElements><ElementName>geometry</ElementName><required>true</required><Mesh z:Ref="i88"/></URDFElement><URDFElement z:Id="i90" i:type="Material"><Attributes><Attribute z:Id="i91"><AttributeType>name</AttributeType><IsRequired>true</IsRequired><Value i:type="a:string" xmlns:a="http://www.w3.org/2001/XMLSchema"/></Attribute></Attributes><ChildElements><URDFElement z:Id="i92" i:type="Color"><Attributes><Attribute z:Id="i93"><AttributeType>rgba</AttributeType><IsRequired>true</IsRequired><Value i:type="a:ArrayOfdouble" xmlns:a="http://schemas.microsoft.com/2003/10/Serialization/Arrays"><a:double>1</a:double><a:double>1</a:double><a:double>1</a:double><a:double>1</a:double></Value></Attribute></Attributes><ChildElements/><ElementName>color</ElementName><required>false</required><RGBAAttribute z:Ref="i93"/></URDFElement><URDFElement z:Id="i94" i:type="Texture"><Attributes><Attribute z:Id="i95"><AttributeType>filename</AttributeType><IsRequired>true</IsRequired><Value i:nil="true"/></Attribute></Attributes><ChildElements/><ElementName>texture</ElementName><required>false</required><FilenameAttribute z:Ref="i95"/><wFilename/></URDFElement></ChildElements><ElementName>material</ElementName><required>false</required><Color z:Ref="i92"/><NameAttribute z:Ref="i91"/><Texture z:Ref="i94"/></URDFElement></ChildElements><ElementName>visual</ElementName><required>false</required><Geometry z:Ref="i87"/><Material z:Ref="i90"/><Origin z:Ref="i84"/></URDFElement><URDFElement z:Id="i96" i:type="Collision"><Attributes/><ChildElements><URDFElement z:Id="i97" i:type="Origin"><Attributes><Attribute z:Id="i98"><AttributeType>xyz</AttributeType><IsRequired>true</IsRequired><Value i:type="a:ArrayOfdouble" xmlns:a="http://schemas.microsoft.com/2003/10/Serialization/Arrays"><a:double>0</a:double><a:double>0</a:double><a:double>0</a:double></Value></Attribute><Attribute z:Id="i99"><AttributeType>rpy</AttributeType><IsRequired>true</IsRequired><Value i:type="a:ArrayOfdouble" xmlns:a="http://schemas.microsoft.com/2003/10/Serialization/Arrays"><a:double>0</a:double><a:double>0</a:double><a:double>0</a:double></Value></Attribute></Attributes><ChildElements/><ElementName>origin</ElementName><required>false</required><RPYAttribute z:Ref="i99"/><XYZAttribute z:Ref="i98"/><isCustomized>false</isCustomized></URDFElement><URDFElement z:Id="i100" i:type="Geometry"><Attributes/><ChildElements><URDFElement z:Id="i101" i:type="Mesh"><Attributes><Attribute z:Id="i102"><AttributeType>filename</AttributeType><IsRequired>true</IsRequired><Value i:nil="true"/></Attribute></Attributes><ChildElements/><ElementName>mesh</ElementName><required>false</required><FilenameAttribute z:Ref="i102"/></URDFElement></ChildElements><ElementName>geometry</ElementName><required>true</required><Mesh z:Ref="i101"/></URDFElement></ChildElements><ElementName>collision</ElementName><required>false</required><Geometry z:Ref="i100"/><Origin z:Ref="i97"/></URDFElement><URDFElement z:Id="i103" i:type="Joint"><Attributes><Attribute z:Id="i104"><AttributeType>name</AttributeType><IsRequired>true</IsRequired><Value i:type="a:string" xmlns:a="http://www.w3.org/2001/XMLSchema">wheel_0</Value></Attribute><Attribute z:Id="i105"><AttributeType>type</AttributeType><IsRequired>true</IsRequired><Value i:type="a:string" xmlns:a="http://www.w3.org/2001/XMLSchema">fixed</Value></Attribute></Attributes><ChildElements><URDFElement z:Id="i106" i:type="Origin"><Attributes><Attribute z:Id="i107"><AttributeType>xyz</AttributeType><IsRequired>true</IsRequired><Value i:type="a:ArrayOfdouble" xmlns:a="http://schemas.microsoft.com/2003/10/Serialization/Arrays"><a:double>0</a:double><a:double>0</a:double><a:double>0</a:double></Value></Attribute><Attribute z:Id="i108"><AttributeType>rpy</AttributeType><IsRequired>true</IsRequired><Value i:type="a:ArrayOfdouble" xmlns:a="http://schemas.microsoft.com/2003/10/Serialization/Arrays"><a:double>0</a:double><a:double>0</a:double><a:double>0</a:double></Value></Attribute></Attributes><ChildElements/><ElementName>origin</ElementName><required>false</required><RPYAttribute z:Ref="i108"/><XYZAttribute z:Ref="i107"/><isCustomized>false</isCustomized></URDFElement><URDFElement z:Id="i109" i:type="ParentLink"><Attributes><Attribute z:Id="i110"><AttributeType>link</AttributeType><IsRequired>true</IsRequired><Value i:type="a:string" xmlns:a="http://www.w3.org/2001/XMLSchema"/></Attribute></Attributes><ChildElements/><ElementName>parent</ElementName><required>true</required><NameAttribute z:Ref="i110"/></URDFElement><URDFElement z:Id="i111" i:type="ChildLink"><Attributes><Attribute z:Id="i112"><AttributeType>link</AttributeType><IsRequired>true</IsRequired><Value i:type="a:string" xmlns:a="http://www.w3.org/2001/XMLSchema"/></Attribute></Attributes><ChildElements/><ElementName>child</ElementName><required>true</required><NameAttribute z:Ref="i112"/></URDFElement><URDFElement z:Id="i113" i:type="Axis"><Attributes><Attribute z:Id="i114"><AttributeType>xyz</AttributeType><IsRequired>true</IsRequired><Value i:type="a:ArrayOfdouble" xmlns:a="http://schemas.microsoft.com/2003/10/Serialization/Arrays"><a:double>0</a:double><a:double>0</a:double><a:double>0</a:double></Value></Attribute></Attributes><ChildElements/><ElementName>axis</ElementName><required>false</required><XYZAttribute z:Ref="i114"/></URDFElement><URDFElement z:Id="i115" i:type="Limit"><Attributes><Attribute z:Id="i116"><AttributeType>lower</AttributeType><IsRequired>false</IsRequired><Value i:nil="true"/></Attribute><Attribute z:Id="i117"><AttributeType>upper</AttributeType><IsRequired>false</IsRequired><Value i:nil="true"/></Attribute><Attribute z:Id="i118"><AttributeType>effort</AttributeType><IsRequired>true</IsRequired><Value i:nil="true"/></Attribute><Attribute z:Id="i119"><AttributeType>velocity</AttributeType><IsRequired>true</IsRequired><Value i:nil="true"/></Attribute></Attributes><ChildElements/><ElementName>limit</ElementName><required>false</required><EffortAttribute z:Ref="i118"/><LowerAttribute z:Ref="i116"/><UpperAttribute z:Ref="i117"/><VelocityAttribute z:Ref="i119"/></URDFElement><URDFElement z:Id="i120" i:type="Calibration"><Attributes><Attribute z:Id="i121"><AttributeType>rising</AttributeType><IsRequired>false</IsRequired><Value i:nil="true"/></Attribute><Attribute z:Id="i122"><AttributeType>falling</AttributeType><IsRequired>false</IsRequired><Value i:nil="true"/></Attribute></Attributes><ChildElements/><ElementName>calibration</ElementName><required>false</required><FallingAttribute z:Ref="i122"/><RisingAttribute z:Ref="i121"/></URDFElement><URDFElement z:Id="i123" i:type="Dynamics"><Attributes><Attribute z:Id="i124"><AttributeType>damping</AttributeType><IsRequired>false</IsRequired><Value i:nil="true"/></Attribute><Attribute z:Id="i125"><AttributeType>friction</AttributeType><IsRequired>false</IsRequired><Value i:nil="true"/></Attribute></Attributes><ChildElements/><ElementName>dynamics</ElementName><required>false</required><DampingAttribute z:Ref="i124"/><FrictionAttribute z:Ref="i125"/></URDFElement><URDFElement z:Id="i126" i:type="SafetyController"><Attributes><Attribute z:Id="i127"><AttributeType>soft_upper_limit</AttributeType><IsRequired>false</IsRequired><Value i:nil="true"/></Attribute><Attribute z:Id="i128"><AttributeType>soft_lower_limit</AttributeType><IsRequired>false</IsRequired><Value i:nil="true"/></Attribute><Attribute z:Id="i129"><AttributeType>k_position</AttributeType><IsRequired>false</IsRequired><Value i:nil="true"/></Attribute><Attribute z:Id="i130"><AttributeType>k_velocity</AttributeType><IsRequired>true</IsRequired><Value i:nil="true"/></Attribute></Attributes><ChildElements/><ElementName>safety_controller</ElementName><required>false</required><KPositionAttribute z:Ref="i129"/><KVelocityAttribute z:Ref="i130"/><SoftLowerAttribute z:Ref="i128"/><SoftUpperAttribute z:Ref="i127"/></URDFElement><URDFElement z:Id="i131" i:type="Mimic"><Attributes><Attribute z:Id="i132"><AttributeType>joint</AttributeType><IsRequired>true</IsRequired><Value i:nil="true"/></Attribute><Attribute z:Id="i133"><AttributeType>multiplier</AttributeType><IsRequired>false</IsRequired><Value i:nil="true"/></Attribute><Attribute z:Id="i134"><AttributeType>offset</AttributeType><IsRequired>false</IsRequired><Value i:nil="true"/></Attribute></Attributes><ChildElements/><ElementName>mimic</ElementName><required>false</required><JointNameAttribute z:Ref="i132"/><MultiplierAttribute z:Ref="i133"/><OffsetAttribute z:Ref="i134"/></URDFElement></ChildElements><ElementName>joint</ElementName><required>false</required><Axis z:Ref="i113"/><AxisName>None</AxisName><Calibration z:Ref="i120"/><Child z:Ref="i111"/><CoordinateSystemName>Wheel 0 Axis</CoordinateSystemName><Dynamics z:Ref="i123"/><Limit z:Ref="i115"/><Mimic z:Ref="i131"/><NameAttribute z:Ref="i104"/><Origin z:Ref="i106"/><Parent z:Ref="i109"/><Safety z:Ref="i126"/><TypeAttribute z:Ref="i105"/></URDFElement></ChildElements><ElementName>link</ElementName><required>true</required><Children/><Collision z:Ref="i96"/><Inertial z:Ref="i70"/><Joint z:Ref="i103"/><NameAttribute z:Ref="i69"/><Parent z:Ref="i1"/><STLQualityFine>false</STLQualityFine><SWComponentPIDs xmlns:a="http://schemas.microsoft.com/2003/10/Serialization/Arrays"><a:base64Binary>mDoAAAUAAAD//v8vTQBlAGMAYQBuAHUAbQBfAFcAaABlAGUAbABfADkANwBtAG0AXwBMAGUAZgB0AF8AQQBTAE0ALQAyAEAAUgBvAGIAbwB0AF8ATgBvAF8AZQBsAGUAYwB0AHIAaQBjAAQAAAAQAAAAAQAAAAEAAABvAAAA</a:base64Binary></SWComponentPIDs><SWMainComponentPID i:nil="true"/><Visual z:Ref="i83"/><isFixedFrame>false</isFixedFrame><isIncomplete>false</isIncomplete></Link><Link z:Id="i135"><Attributes><Attribute z:Id="i136"><AttributeType>name</AttributeType><IsRequired>true</IsRequired><Value i:type="a:string" xmlns:a="http://www.w3.org/2001/XMLSchema">wheel_1</Value></Attribute></Attributes><ChildElements><URDFElement z:Id="i137" i:type="Inertial"><Attributes/><ChildElements><URDFElement z:Id="i138" i:type="Origin"><Attributes><Attribute z:Id="i139"><AttributeType>xyz</AttributeType><IsRequired>true</IsRequired><Value i:type="a:ArrayOfdouble" xmlns:a="http://schemas.microsoft.com/2003/10/Serialization/Arrays"><a:double>0</a:double><a:double>0</a:double><a:double>0</a:double></Value></Attribute><Attribute z:Id="i140"><AttributeType>rpy</AttributeType><IsRequired>true</IsRequired><Value i:type="a:ArrayOfdouble" xmlns:a="http://schemas.microsoft.com/2003/10/Serialization/Arrays"><a:double>0</a:double><a:double>0</a:double><a:double>0</a:double></Value></Attribute></Attributes><ChildElements/><ElementName>origin</ElementName><required>false</required><RPYAttribute z:Ref="i140"/><XYZAttribute z:Ref="i139"/><isCustomized>false</isCustomized></URDFElement><URDFElement z:Id="i141" i:type="Mass"><Attributes><Attribute z:Id="i142"><AttributeType>value</AttributeType><IsRequired>true</IsRequired><Value i:type="a:double" xmlns:a="http://www.w3.org/2001/XMLSchema">0</Value></Attribute></Attributes><ChildElements/><ElementName>mass</ElementName><required>false</required><ValueAttribute z:Ref="i142"/></URDFElement><URDFElement z:Id="i143" i:type="Inertia"><Attributes><Attribute z:Id="i144"><AttributeType>ixx</AttributeType><IsRequired>true</IsRequired><Value i:type="a:double" xmlns:a="http://www.w3.org/2001/XMLSchema">0</Value></Attribute><Attribute z:Id="i145"><AttributeType>ixy</AttributeType><IsRequired>true</IsRequired><Value i:type="a:double" xmlns:a="http://www.w3.org/2001/XMLSchema">0</Value></Attribute><Attribute z:Id="i146"><AttributeType>ixz</AttributeType><IsRequired>true</IsRequired><Value i:type="a:double" xmlns:a="http://www.w3.org/2001/XMLSchema">0</Value></Attribute><Attribute z:Id="i147"><AttributeType>iyy</AttributeType><IsRequired>true</IsRequired><Value i:type="a:double" xmlns:a="http://www.w3.org/2001/XMLSchema">0</Value></Attribute><Attribute z:Id="i148"><AttributeType>iyz</AttributeType><IsRequired>true</IsRequired><Value i:type="a:double" xmlns:a="http://www.w3.org/2001/XMLSchema">0</Value></Attribute><Attribute z:Id="i149"><AttributeType>izz</AttributeType><IsRequired>true</IsRequired><Value i:type="a:double" xmlns:a="http://www.w3.org/2001/XMLSchema">0</Value></Attribute></Attributes><ChildElements/><ElementName>inertia</ElementName><required>false</required><IxxAttribute z:Ref="i144"/><IxyAttribute z:Ref="i145"/><IxzAttribute z:Ref="i146"/><IyyAttribute z:Ref="i147"/><IyzAttribute z:Ref="i148"/><IzzAttribute z:Ref="i149"/></URDFElement></ChildElements><ElementName>inertial</ElementName><required>false</required><Inertia z:Ref="i143"/><Mass z:Ref="i141"/><Origin z:Ref="i138"/></URDFElement><URDFElement z:Id="i150" i:type="Visual"><Attributes/><ChildElements><URDFElement z:Id="i151" i:type="Origin"><Attributes><Attribute z:Id="i152"><AttributeType>xyz</AttributeType><IsRequired>true</IsRequired><Value i:type="a:ArrayOfdouble" xmlns:a="http://schemas.microsoft.com/2003/10/Serialization/Arrays"><a:double>0</a:double><a:double>0</a:double><a:double>0</a:double></Value></Attribute><Attribute z:Id="i153"><AttributeType>rpy</AttributeType><IsRequired>true</IsRequired><Value i:type="a:ArrayOfdouble" xmlns:a="http://schemas.microsoft.com/2003/10/Serialization/Arrays"><a:double>0</a:double><a:double>0</a:double><a:double>0</a:double></Value></Attribute></Attributes><ChildElements/><ElementName>origin</ElementName><required>false</required><RPYAttribute z:Ref="i153"/><XYZAttribute z:Ref="i152"/><isCustomized>false</isCustomized></URDFElement><URDFElement z:Id="i154" i:type="Geometry"><Attributes/><ChildElements><URDFElement z:Id="i155" i:type="Mesh"><Attributes><Attribute z:Id="i156"><AttributeType>filename</AttributeType><IsRequired>true</IsRequired><Value i:nil="true"/></Attribute></Attributes><ChildElements/><ElementName>mesh</ElementName><required>false</required><FilenameAttribute z:Ref="i156"/></URDFElement></ChildElements><ElementName>geometry</ElementName><required>true</required><Mesh z:Ref="i155"/></URDFElement><URDFElement z:Id="i157" i:type="Material"><Attributes><Attribute z:Id="i158"><AttributeType>name</AttributeType><IsRequired>true</IsRequired><Value i:type="a:string" xmlns:a="http://www.w3.org/2001/XMLSchema"/></Attribute></Attributes><ChildElements><URDFElement z:Id="i159" i:type="Color"><Attributes><Attribute z:Id="i160"><AttributeType>rgba</AttributeType><IsRequired>true</IsRequired><Value i:type="a:ArrayOfdouble" xmlns:a="http://schemas.microsoft.com/2003/10/Serialization/Arrays"><a:double>1</a:double><a:double>1</a:double><a:double>1</a:double><a:double>1</a:double></Value></Attribute></Attributes><ChildElements/><ElementName>color</ElementName><required>false</required><RGBAAttribute z:Ref="i160"/></URDFElement><URDFElement z:Id="i161" i:type="Texture"><Attributes><Attribute z:Id="i162"><AttributeType>filename</AttributeType><IsRequired>true</IsRequired><Value i:nil="true"/></Attribute></Attributes><ChildElements/><ElementName>texture</ElementName><required>false</required><FilenameAttribute z:Ref="i162"/><wFilename/></URDFElement></ChildElements><ElementName>material</ElementName><required>false</required><Color z:Ref="i159"/><NameAttribute z:Ref="i158"/><Texture z:Ref="i161"/></URDFElement></ChildElements><ElementName>visual</ElementName><required>false</required><Geometry z:Ref="i154"/><Material z:Ref="i157"/><Origin z:Ref="i151"/></URDFElement><URDFElement z:Id="i163" i:type="Collision"><Attributes/><ChildElements><URDFElement z:Id="i164" i:type="Origin"><Attributes><Attribute z:Id="i165"><AttributeType>xyz</AttributeType><IsRequired>true</IsRequired><Value i:type="a:ArrayOfdouble" xmlns:a="http://schemas.microsoft.com/2003/10/Serialization/Arrays"><a:double>0</a:double><a:double>0</a:double><a:double>0</a:double></Value></Attribute><Attribute z:Id="i166"><AttributeType>rpy</AttributeType><IsRequired>true</IsRequired><Value i:type="a:ArrayOfdouble" xmlns:a="http://schemas.microsoft.com/2003/10/Serialization/Arrays"><a:double>0</a:double><a:double>0</a:double><a:double>0</a:double></Value></Attribute></Attributes><ChildElements/><ElementName>origin</ElementName><required>false</required><RPYAttribute z:Ref="i166"/><XYZAttribute z:Ref="i165"/><isCustomized>false</isCustomized></URDFElement><URDFElement z:Id="i167" i:type="Geometry"><Attributes/><ChildElements><URDFElement z:Id="i168" i:type="Mesh"><Attributes><Attribute z:Id="i169"><AttributeType>filename</AttributeType><IsRequired>true</IsRequired><Value i:nil="true"/></Attribute></Attributes><ChildElements/><ElementName>mesh</ElementName><required>false</required><FilenameAttribute z:Ref="i169"/></URDFElement></ChildElements><ElementName>geometry</ElementName><required>true</required><Mesh z:Ref="i168"/></URDFElement></ChildElements><ElementName>collision</ElementName><required>false</required><Geometry z:Ref="i167"/><Origin z:Ref="i164"/></URDFElement><URDFElement z:Id="i170" i:type="Joint"><Attributes><Attribute z:Id="i171"><AttributeType>name</AttributeType><IsRequired>true</IsRequired><Value i:type="a:string" xmlns:a="http://www.w3.org/2001/XMLSchema">wheel_1</Value></Attribute><Attribute z:Id="i172"><AttributeType>type</AttributeType><IsRequired>true</IsRequired><Value i:type="a:string" xmlns:a="http://www.w3.org/2001/XMLSchema">fixed</Value></Attribute></Attributes><ChildElements><URDFElement z:Id="i173" i:type="Origin"><Attributes><Attribute z:Id="i174"><AttributeType>xyz</AttributeType><IsRequired>true</IsRequired><Value i:type="a:ArrayOfdouble" xmlns:a="http://schemas.microsoft.com/2003/10/Serialization/Arrays"><a:double>0</a:double><a:double>0</a:double><a:double>0</a:double></Value></Attribute><Attribute z:Id="i175"><AttributeType>rpy</AttributeType><IsRequired>true</IsRequired><Value i:type="a:ArrayOfdouble" xmlns:a="http://schemas.microsoft.com/2003/10/Serialization/Arrays"><a:double>0</a:double><a:double>0</a:double><a:double>0</a:double></Value></Attribute></Attributes><ChildElements/><ElementName>origin</ElementName><required>false</required><RPYAttribute z:Ref="i175"/><XYZAttribute z:Ref="i174"/><isCustomized>false</isCustomized></URDFElement><URDFElement z:Id="i176" i:type="ParentLink"><Attributes><Attribute z:Id="i177"><AttributeType>link</AttributeType><IsRequired>true</IsRequired><Value i:type="a:string" xmlns:a="http://www.w3.org/2001/XMLSchema"/></Attribute></Attributes><ChildElements/><ElementName>parent</ElementName><required>true</required><NameAttribute z:Ref="i177"/></URDFElement><URDFElement z:Id="i178" i:type="ChildLink"><Attributes><Attribute z:Id="i179"><AttributeType>link</AttributeType><IsRequired>true</IsRequired><Value i:type="a:string" xmlns:a="http://www.w3.org/2001/XMLSchema"/></Attribute></Attributes><ChildElements/><ElementName>child</ElementName><required>true</required><NameAttribute z:Ref="i179"/></URDFElement><URDFElement z:Id="i180" i:type="Axis"><Attributes><Attribute z:Id="i181"><AttributeType>xyz</AttributeType><IsRequired>true</IsRequired><Value i:type="a:ArrayOfdouble" xmlns:a="http://schemas.microsoft.com/2003/10/Serialization/Arrays"><a:double>0</a:double><a:double>0</a:double><a:double>0</a:double></Value></Attribute></Attributes><ChildElements/><ElementName>axis</ElementName><required>false</required><XYZAttribute z:Ref="i181"/></URDFElement><URDFElement z:Id="i182" i:type="Limit"><Attributes><Attribute z:Id="i183"><AttributeType>lower</AttributeType><IsRequired>false</IsRequired><Value i:nil="true"/></Attribute><Attribute z:Id="i184"><AttributeType>upper</AttributeType><IsRequired>false</IsRequired><Value i:nil="true"/></Attribute><Attribute z:Id="i185"><AttributeType>effort</AttributeType><IsRequired>true</IsRequired><Value i:nil="true"/></Attribute><Attribute z:Id="i186"><AttributeType>velocity</AttributeType><IsRequired>true</IsRequired><Value i:nil="true"/></Attribute></Attributes><ChildElements/><ElementName>limit</ElementName><required>false</required><EffortAttribute z:Ref="i185"/><LowerAttribute z:Ref="i183"/><UpperAttribute z:Ref="i184"/><VelocityAttribute z:Ref="i186"/></URDFElement><URDFElement z:Id="i187" i:type="Calibration"><Attributes><Attribute z:Id="i188"><AttributeType>rising</AttributeType><IsRequired>false</IsRequired><Value i:nil="true"/></Attribute><Attribute z:Id="i189"><AttributeType>falling</AttributeType><IsRequired>false</IsRequired><Value i:nil="true"/></Attribute></Attributes><ChildElements/><ElementName>calibration</ElementName><required>false</required><FallingAttribute z:Ref="i189"/><RisingAttribute z:Ref="i188"/></URDFElement><URDFElement z:Id="i190" i:type="Dynamics"><Attributes><Attribute z:Id="i191"><AttributeType>damping</AttributeType><IsRequired>false</IsRequired><Value i:nil="true"/></Attribute><Attribute z:Id="i192"><AttributeType>friction</AttributeType><IsRequired>false</IsRequired><Value i:nil="true"/></Attribute></Attributes><ChildElements/><ElementName>dynamics</ElementName><required>false</required><DampingAttribute z:Ref="i191"/><FrictionAttribute z:Ref="i192"/></URDFElement><URDFElement z:Id="i193" i:type="SafetyController"><Attributes><Attribute z:Id="i194"><AttributeType>soft_upper_limit</AttributeType><IsRequired>false</IsRequired><Value i:nil="true"/></Attribute><Attribute z:Id="i195"><AttributeType>soft_lower_limit</AttributeType><IsRequired>false</IsRequired><Value i:nil="true"/></Attribute><Attribute z:Id="i196"><AttributeType>k_position</AttributeType><IsRequired>false</IsRequired><Value i:nil="true"/></Attribute><Attribute z:Id="i197"><AttributeType>k_velocity</AttributeType><IsRequired>true</IsRequired><Value i:nil="true"/></Attribute></Attributes><ChildElements/><ElementName>safety_controller</ElementName><required>false</required><KPositionAttribute z:Ref="i196"/><KVelocityAttribute z:Ref="i197"/><SoftLowerAttribute z:Ref="i195"/><SoftUpperAttribute z:Ref="i194"/></URDFElement><URDFElement z:Id="i198" i:type="Mimic"><Attributes><Attribute z:Id="i199"><AttributeType>joint</AttributeType><IsRequired>true</IsRequired><Value i:nil="true"/></Attribute><Attribute z:Id="i200"><AttributeType>multiplier</AttributeType><IsRequired>false</IsRequired><Value i:nil="true"/></Attribute><Attribute z:Id="i201"><AttributeType>offset</AttributeType><IsRequired>false</IsRequired><Value i:nil="true"/></Attribute></Attributes><ChildElements/><ElementName>mimic</ElementName><required>false</required><JointNameAttribute z:Ref="i199"/><MultiplierAttribute z:Ref="i200"/><OffsetAttribute z:Ref="i201"/></URDFElement></ChildElements><ElementName>joint</ElementName><required>false</required><Axis z:Ref="i180"/><AxisName>None</AxisName><Calibration z:Ref="i187"/><Child z:Ref="i178"/><CoordinateSystemName>Wheel 1 Axis</CoordinateSystemName><Dynamics z:Ref="i190"/><Limit z:Ref="i182"/><Mimic z:Ref="i198"/><NameAttribute z:Ref="i171"/><Origin z:Ref="i173"/><Parent z:Ref="i176"/><Safety z:Ref="i193"/><TypeAttribute z:Ref="i172"/></URDFElement></ChildElements><ElementName>link</ElementName><required>true</required><Children/><Collision z:Ref="i163"/><Inertial z:Ref="i137"/><Joint z:Ref="i170"/><NameAttribute z:Ref="i136"/><Parent z:Ref="i1"/><STLQualityFine>false</STLQualityFine><SWComponentPIDs xmlns:a="http://schemas.microsoft.com/2003/10/Serialization/Arrays"><a:base64Binary>mDoAAAUAAAD//v8wTQBlAGMAYQBuAHUAbQBfAFcAaABlAGUAbABfADkANwBtAG0AXwBSAGkAZwBoAHQAXwBBAFMATQAtADIAQABSAG8AYgBvAHQAXwBOAG8AXwBlAGwAZQBjAHQAcgBpAGMABAAAABAAAAABAAAAAQAAAHsAAAA=</a:base64Binary></SWComponentPIDs><SWMainComponentPID i:nil="true"/><Visual z:Ref="i150"/><isFixedFrame>false</isFixedFrame><isIncomplete>false</isIncomplete></Link><Link z:Id="i202"><Attributes><Attribute z:Id="i203"><AttributeType>name</AttributeType><IsRequired>true</IsRequired><Value i:type="a:string" xmlns:a="http://www.w3.org/2001/XMLSchema">wheel_2</Value></Attribute></Attributes><ChildElements><URDFElement z:Id="i204" i:type="Inertial"><Attributes/><ChildElements><URDFElement z:Id="i205" i:type="Origin"><Attributes><Attribute z:Id="i206"><AttributeType>xyz</AttributeType><IsRequired>true</IsRequired><Value i:type="a:ArrayOfdouble" xmlns:a="http://schemas.microsoft.com/2003/10/Serialization/Arrays"><a:double>0</a:double><a:double>0</a:double><a:double>0</a:double></Value></Attribute><Attribute z:Id="i207"><AttributeType>rpy</AttributeType><IsRequired>true</IsRequired><Value i:type="a:ArrayOfdouble" xmlns:a="http://schemas.microsoft.com/2003/10/Serialization/Arrays"><a:double>0</a:double><a:double>0</a:double><a:double>0</a:double></Value></Attribute></Attributes><ChildElements/><ElementName>origin</ElementName><required>false</required><RPYAttribute z:Ref="i207"/><XYZAttribute z:Ref="i206"/><isCustomized>false</isCustomized></URDFElement><URDFElement z:Id="i208" i:type="Mass"><Attributes><Attribute z:Id="i209"><AttributeType>value</AttributeType><IsRequired>true</IsRequired><Value i:type="a:double" xmlns:a="http://www.w3.org/2001/XMLSchema">0</Value></Attribute></Attributes><ChildElements/><ElementName>mass</ElementName><required>false</required><ValueAttribute z:Ref="i209"/></URDFElement><URDFElement z:Id="i210" i:type="Inertia"><Attributes><Attribute z:Id="i211"><AttributeType>ixx</AttributeType><IsRequired>true</IsRequired><Value i:type="a:double" xmlns:a="http://www.w3.org/2001/XMLSchema">0</Value></Attribute><Attribute z:Id="i212"><AttributeType>ixy</AttributeType><IsRequired>true</IsRequired><Value i:type="a:double" xmlns:a="http://www.w3.org/2001/XMLSchema">0</Value></Attribute><Attribute z:Id="i213"><AttributeType>ixz</AttributeType><IsRequired>true</IsRequired><Value i:type="a:double" xmlns:a="http://www.w3.org/2001/XMLSchema">0</Value></Attribute><Attribute z:Id="i214"><AttributeType>iyy</AttributeType><IsRequired>true</IsRequired><Value i:type="a:double" xmlns:a="http://www.w3.org/2001/XMLSchema">0</Value></Attribute><Attribute z:Id="i215"><AttributeType>iyz</AttributeType><IsRequired>true</IsRequired><Value i:type="a:double" xmlns:a="http://www.w3.org/2001/XMLSchema">0</Value></Attribute><Attribute z:Id="i216"><AttributeType>izz</AttributeType><IsRequired>true</IsRequired><Value i:type="a:double" xmlns:a="http://www.w3.org/2001/XMLSchema">0</Value></Attribute></Attributes><ChildElements/><ElementName>inertia</ElementName><required>false</required><IxxAttribute z:Ref="i211"/><IxyAttribute z:Ref="i212"/><IxzAttribute z:Ref="i213"/><IyyAttribute z:Ref="i214"/><IyzAttribute z:Ref="i215"/><IzzAttribute z:Ref="i216"/></URDFElement></ChildElements><ElementName>inertial</ElementName><required>false</required><Inertia z:Ref="i210"/><Mass z:Ref="i208"/><Origin z:Ref="i205"/></URDFElement><URDFElement z:Id="i217" i:type="Visual"><Attributes/><ChildElements><URDFElement z:Id="i218" i:type="Origin"><Attributes><Attribute z:Id="i219"><AttributeType>xyz</AttributeType><IsRequired>true</IsRequired><Value i:type="a:ArrayOfdouble" xmlns:a="http://schemas.microsoft.com/2003/10/Serialization/Arrays"><a:double>0</a:double><a:double>0</a:double><a:double>0</a:double></Value></Attribute><Attribute z:Id="i220"><AttributeType>rpy</AttributeType><IsRequired>true</IsRequired><Value i:type="a:ArrayOfdouble" xmlns:a="http://schemas.microsoft.com/2003/10/Serialization/Arrays"><a:double>0</a:double><a:double>0</a:double><a:double>0</a:double></Value></Attribute></Attributes><ChildElements/><ElementName>origin</ElementName><required>false</required><RPYAttribute z:Ref="i220"/><XYZAttribute z:Ref="i219"/><isCustomized>false</isCustomized></URDFElement><URDFElement z:Id="i221" i:type="Geometry"><Attributes/><ChildElements><URDFElement z:Id="i222" i:type="Mesh"><Attributes><Attribute z:Id="i223"><AttributeType>filename</AttributeType><IsRequired>true</IsRequired><Value i:nil="true"/></Attribute></Attributes><ChildElements/><ElementName>mesh</ElementName><required>false</required><FilenameAttribute z:Ref="i223"/></URDFElement></ChildElements><ElementName>geometry</ElementName><required>true</required><Mesh z:Ref="i222"/></URDFElement><URDFElement z:Id="i224" i:type="Material"><Attributes><Attribute z:Id="i225"><AttributeType>name</AttributeType><IsRequired>true</IsRequired><Value i:type="a:string" xmlns:a="http://www.w3.org/2001/XMLSchema"/></Attribute></Attributes><ChildElements><URDFElement z:Id="i226" i:type="Color"><Attributes><Attribute z:Id="i227"><AttributeType>rgba</AttributeType><IsRequired>true</IsRequired><Value i:type="a:ArrayOfdouble" xmlns:a="http://schemas.microsoft.com/2003/10/Serialization/Arrays"><a:double>1</a:double><a:double>1</a:double><a:double>1</a:double><a:double>1</a:double></Value></Attribute></Attributes><ChildElements/><ElementName>color</ElementName><required>false</required><RGBAAttribute z:Ref="i227"/></URDFElement><URDFElement z:Id="i228" i:type="Texture"><Attributes><Attribute z:Id="i229"><AttributeType>filename</AttributeType><IsRequired>true</IsRequired><Value i:nil="true"/></Attribute></Attributes><ChildElements/><ElementName>texture</ElementName><required>false</required><FilenameAttribute z:Ref="i229"/><wFilename/></URDFElement></ChildElements><ElementName>material</ElementName><required>false</required><Color z:Ref="i226"/><NameAttribute z:Ref="i225"/><Texture z:Ref="i228"/></URDFElement></ChildElements><ElementName>visual</ElementName><required>false</required><Geometry z:Ref="i221"/><Material z:Ref="i224"/><Origin z:Ref="i218"/></URDFElement><URDFElement z:Id="i230" i:type="Collision"><Attributes/><ChildElements><URDFElement z:Id="i231" i:type="Origin"><Attributes><Attribute z:Id="i232"><AttributeType>xyz</AttributeType><IsRequired>true</IsRequired><Value i:type="a:ArrayOfdouble" xmlns:a="http://schemas.microsoft.com/2003/10/Serialization/Arrays"><a:double>0</a:double><a:double>0</a:double><a:double>0</a:double></Value></Attribute><Attribute z:Id="i233"><AttributeType>rpy</AttributeType><IsRequired>true</IsRequired><Value i:type="a:ArrayOfdouble" xmlns:a="http://schemas.microsoft.com/2003/10/Serialization/Arrays"><a:double>0</a:double><a:double>0</a:double><a:double>0</a:double></Value></Attribute></Attributes><ChildElements/><ElementName>origin</ElementName><required>false</required><RPYAttribute z:Ref="i233"/><XYZAttribute z:Ref="i232"/><isCustomized>false</isCustomized></URDFElement><URDFElement z:Id="i234" i:type="Geometry"><Attributes/><ChildElements><URDFElement z:Id="i235" i:type="Mesh"><Attributes><Attribute z:Id="i236"><AttributeType>filename</AttributeType><IsRequired>true</IsRequired><Value i:nil="true"/></Attribute></Attributes><ChildElements/><ElementName>mesh</ElementName><required>false</required><FilenameAttribute z:Ref="i236"/></URDFElement></ChildElements><ElementName>geometry</ElementName><required>true</required><Mesh z:Ref="i235"/></URDFElement></ChildElements><ElementName>collision</ElementName><required>false</required><Geometry z:Ref="i234"/><Origin z:Ref="i231"/></URDFElement><URDFElement z:Id="i237" i:type="Joint"><Attributes><Attribute z:Id="i238"><AttributeType>name</AttributeType><IsRequired>true</IsRequired><Value i:type="a:string" xmlns:a="http://www.w3.org/2001/XMLSchema">wheel_2 joint</Value></Attribute><Attribute z:Id="i239"><AttributeType>type</AttributeType><IsRequired>true</IsRequired><Value i:type="a:string" xmlns:a="http://www.w3.org/2001/XMLSchema">fixed</Value></Attribute></Attributes><ChildElements><URDFElement z:Id="i240" i:type="Origin"><Attributes><Attribute z:Id="i241"><AttributeType>xyz</AttributeType><IsRequired>true</IsRequired><Value i:type="a:ArrayOfdouble" xmlns:a="http://schemas.microsoft.com/2003/10/Serialization/Arrays"><a:double>0</a:double><a:double>0</a:double><a:double>0</a:double></Value></Attribute><Attribute z:Id="i242"><AttributeType>rpy</AttributeType><IsRequired>true</IsRequired><Value i:type="a:ArrayOfdouble" xmlns:a="http://schemas.microsoft.com/2003/10/Serialization/Arrays"><a:double>0</a:double><a:double>0</a:double><a:double>0</a:double></Value></Attribute></Attributes><ChildElements/><ElementName>origin</ElementName><required>false</required><RPYAttribute z:Ref="i242"/><XYZAttribute z:Ref="i241"/><isCustomized>false</isCustomized></URDFElement><URDFElement z:Id="i243" i:type="ParentLink"><Attributes><Attribute z:Id="i244"><AttributeType>link</AttributeType><IsRequired>true</IsRequired><Value i:type="a:string" xmlns:a="http://www.w3.org/2001/XMLSchema"/></Attribute></Attributes><ChildElements/><ElementName>parent</ElementName><required>true</required><NameAttribute z:Ref="i244"/></URDFElement><URDFElement z:Id="i245" i:type="ChildLink"><Attributes><Attribute z:Id="i246"><AttributeType>link</AttributeType><IsRequired>true</IsRequired><Value i:type="a:string" xmlns:a="http://www.w3.org/2001/XMLSchema"/></Attribute></Attributes><ChildElements/><ElementName>child</ElementName><required>true</required><NameAttribute z:Ref="i246"/></URDFElement><URDFElement z:Id="i247" i:type="Axis"><Attributes><Attribute z:Id="i248"><AttributeType>xyz</AttributeType><IsRequired>true</IsRequired><Value i:type="a:ArrayOfdouble" xmlns:a="http://schemas.microsoft.com/2003/10/Serialization/Arrays"><a:double>0</a:double><a:double>0</a:double><a:double>0</a:double></Value></Attribute></Attributes><ChildElements/><ElementName>axis</ElementName><required>false</required><XYZAttribute z:Ref="i248"/></URDFElement><URDFElement z:Id="i249" i:type="Limit"><Attributes><Attribute z:Id="i250"><AttributeType>lower</AttributeType><IsRequired>false</IsRequired><Value i:nil="true"/></Attribute><Attribute z:Id="i251"><AttributeType>upper</AttributeType><IsRequired>false</IsRequired><Value i:nil="true"/></Attribute><Attribute z:Id="i252"><AttributeType>effort</AttributeType><IsRequired>true</IsRequired><Value i:nil="true"/></Attribute><Attribute z:Id="i253"><AttributeType>velocity</AttributeType><IsRequired>true</IsRequired><Value i:nil="true"/></Attribute></Attributes><ChildElements/><ElementName>limit</ElementName><required>false</required><EffortAttribute z:Ref="i252"/><LowerAttribute z:Ref="i250"/><UpperAttribute z:Ref="i251"/><VelocityAttribute z:Ref="i253"/></URDFElement><URDFElement z:Id="i254" i:type="Calibration"><Attributes><Attribute z:Id="i255"><AttributeType>rising</AttributeType><IsRequired>false</IsRequired><Value i:nil="true"/></Attribute><Attribute z:Id="i256"><AttributeType>falling</AttributeType><IsRequired>false</IsRequired><Value i:nil="true"/></Attribute></Attributes><ChildElements/><ElementName>calibration</ElementName><required>false</required><FallingAttribute z:Ref="i256"/><RisingAttribute z:Ref="i255"/></URDFElement><URDFElement z:Id="i257" i:type="Dynamics"><Attributes><Attribute z:Id="i258"><AttributeType>damping</AttributeType><IsRequired>false</IsRequired><Value i:nil="true"/></Attribute><Attribute z:Id="i259"><AttributeType>friction</AttributeType><IsRequired>false</IsRequired><Value i:nil="true"/></Attribute></Attributes><ChildElements/><ElementName>dynamics</ElementName><required>false</required><DampingAttribute z:Ref="i258"/><FrictionAttribute z:Ref="i259"/></URDFElement><URDFElement z:Id="i260" i:type="SafetyController"><Attributes><Attribute z:Id="i261"><AttributeType>soft_upper_limit</AttributeType><IsRequired>false</IsRequired><Value i:nil="true"/></Attribute><Attribute z:Id="i262"><AttributeType>soft_lower_limit</AttributeType><IsRequired>false</IsRequired><Value i:nil="true"/></Attribute><Attribute z:Id="i263"><AttributeType>k_position</AttributeType><IsRequired>false</IsRequired><Value i:nil="true"/></Attribute><Attribute z:Id="i264"><AttributeType>k_velocity</AttributeType><IsRequired>true</IsRequired><Value i:nil="true"/></Attribute></Attributes><ChildElements/><ElementName>safety_controller</ElementName><required>false</required><KPositionAttribute z:Ref="i263"/><KVelocityAttribute z:Ref="i264"/><SoftLowerAttribute z:Ref="i262"/><SoftUpperAttribute z:Ref="i261"/></URDFElement><URDFElement z:Id="i265" i:type="Mimic"><Attributes><Attribute z:Id="i266"><AttributeType>joint</AttributeType><IsRequired>true</IsRequired><Value i:nil="true"/></Attribute><Attribute z:Id="i267"><AttributeType>multiplier</AttributeType><IsRequired>false</IsRequired><Value i:nil="true"/></Attribute><Attribute z:Id="i268"><AttributeType>offset</AttributeType><IsRequired>false</IsRequired><Value i:nil="true"/></Attribute></Attributes><ChildElements/><ElementName>mimic</ElementName><required>false</required><JointNameAttribute z:Ref="i266"/><MultiplierAttribute z:Ref="i267"/><OffsetAttribute z:Ref="i268"/></URDFElement></ChildElements><ElementName>joint</ElementName><required>false</required><Axis z:Ref="i247"/><AxisName>None</AxisName><Calibration z:Ref="i254"/><Child z:Ref="i245"/><CoordinateSystemName>Wheel 2 Axis</CoordinateSystemName><Dynamics z:Ref="i257"/><Limit z:Ref="i249"/><Mimic z:Ref="i265"/><NameAttribute z:Ref="i238"/><Origin z:Ref="i240"/><Parent z:Ref="i243"/><Safety z:Ref="i260"/><TypeAttribute z:Ref="i239"/></URDFElement></ChildElements><ElementName>link</ElementName><required>true</required><Children/><Collision z:Ref="i230"/><Inertial z:Ref="i204"/><Joint z:Ref="i237"/><NameAttribute z:Ref="i203"/><Parent z:Ref="i1"/><STLQualityFine>false</STLQualityFine><SWComponentPIDs xmlns:a="http://schemas.microsoft.com/2003/10/Serialization/Arrays"><a:base64Binary>mDoAAAUAAAD//v8wTQBlAGMAYQBuAHUAbQBfAFcAaABlAGUAbABfADkANwBtAG0AXwBSAGkAZwBoAHQAXwBBAFMATQAtADEAQABSAG8AYgBvAHQAXwBOAG8AXwBlAGwAZQBjAHQAcgBpAGMABAAAABAAAAABAAAAAQAAAHYAAAA=</a:base64Binary></SWComponentPIDs><SWMainComponentPID i:nil="true"/><Visual z:Ref="i217"/><isFixedFrame>false</isFixedFrame><isIncomplete>false</isIncomplete></Link><Link z:Id="i269"><Attributes><Attribute z:Id="i270"><AttributeType>name</AttributeType><IsRequired>true</IsRequired><Value i:type="a:string" xmlns:a="http://www.w3.org/2001/XMLSchema">wheel_3</Value></Attribute></Attributes><ChildElements><URDFElement z:Id="i271" i:type="Inertial"><Attributes/><ChildElements><URDFElement z:Id="i272" i:type="Origin"><Attributes><Attribute z:Id="i273"><AttributeType>xyz</AttributeType><IsRequired>true</IsRequired><Value i:type="a:ArrayOfdouble" xmlns:a="http://schemas.microsoft.com/2003/10/Serialization/Arrays"><a:double>0</a:double><a:double>0</a:double><a:double>0</a:double></Value></Attribute><Attribute z:Id="i274"><AttributeType>rpy</AttributeType><IsRequired>true</IsRequired><Value i:type="a:ArrayOfdouble" xmlns:a="http://schemas.microsoft.com/2003/10/Serialization/Arrays"><a:double>0</a:double><a:double>0</a:double><a:double>0</a:double></Value></Attribute></Attributes><ChildElements/><ElementName>origin</ElementName><required>false</required><RPYAttribute z:Ref="i274"/><XYZAttribute z:Ref="i273"/><isCustomized>false</isCustomized></URDFElement><URDFElement z:Id="i275" i:type="Mass"><Attributes><Attribute z:Id="i276"><AttributeType>value</AttributeType><IsRequired>true</IsRequired><Value i:type="a:double" xmlns:a="http://www.w3.org/2001/XMLSchema">0</Value></Attribute></Attributes><ChildElements/><ElementName>mass</ElementName><required>false</required><ValueAttribute z:Ref="i276"/></URDFElement><URDFElement z:Id="i277" i:type="Inertia"><Attributes><Attribute z:Id="i278"><AttributeType>ixx</AttributeType><IsRequired>true</IsRequired><Value i:type="a:double" xmlns:a="http://www.w3.org/2001/XMLSchema">0</Value></Attribute><Attribute z:Id="i279"><AttributeType>ixy</AttributeType><IsRequired>true</IsRequired><Value i:type="a:double" xmlns:a="http://www.w3.org/2001/XMLSchema">0</Value></Attribute><Attribute z:Id="i280"><AttributeType>ixz</AttributeType><IsRequired>true</IsRequired><Value i:type="a:double" xmlns:a="http://www.w3.org/2001/XMLSchema">0</Value></Attribute><Attribute z:Id="i281"><AttributeType>iyy</AttributeType><IsRequired>true</IsRequired><Value i:type="a:double" xmlns:a="http://www.w3.org/2001/XMLSchema">0</Value></Attribute><Attribute z:Id="i282"><AttributeType>iyz</AttributeType><IsRequired>true</IsRequired><Value i:type="a:double" xmlns:a="http://www.w3.org/2001/XMLSchema">0</Value></Attribute><Attribute z:Id="i283"><AttributeType>izz</AttributeType><IsRequired>true</IsRequired><Value i:type="a:double" xmlns:a="http://www.w3.org/2001/XMLSchema">0</Value></Attribute></Attributes><ChildElements/><ElementName>inertia</ElementName><required>false</required><IxxAttribute z:Ref="i278"/><IxyAttribute z:Ref="i279"/><IxzAttribute z:Ref="i280"/><IyyAttribute z:Ref="i281"/><IyzAttribute z:Ref="i282"/><IzzAttribute z:Ref="i283"/></URDFElement></ChildElements><ElementName>inertial</ElementName><required>false</required><Inertia z:Ref="i277"/><Mass z:Ref="i275"/><Origin z:Ref="i272"/></URDFElement><URDFElement z:Id="i284" i:type="Visual"><Attributes/><ChildElements><URDFElement z:Id="i285" i:type="Origin"><Attributes><Attribute z:Id="i286"><AttributeType>xyz</AttributeType><IsRequired>true</IsRequired><Value i:type="a:ArrayOfdouble" xmlns:a="http://schemas.microsoft.com/2003/10/Serialization/Arrays"><a:double>0</a:double><a:double>0</a:double><a:double>0</a:double></Value></Attribute><Attribute z:Id="i287"><AttributeType>rpy</AttributeType><IsRequired>true</IsRequired><Value i:type="a:ArrayOfdouble" xmlns:a="http://schemas.microsoft.com/2003/10/Serialization/Arrays"><a:double>0</a:double><a:double>0</a:double><a:double>0</a:double></Value></Attribute></Attributes><ChildElements/><ElementName>origin</ElementName><required>false</required><RPYAttribute z:Ref="i287"/><XYZAttribute z:Ref="i286"/><isCustomized>false</isCustomized></URDFElement><URDFElement z:Id="i288" i:type="Geometry"><Attributes/><ChildElements><URDFElement z:Id="i289" i:type="Mesh"><Attributes><Attribute z:Id="i290"><AttributeType>filename</AttributeType><IsRequired>true</IsRequired><Value i:nil="true"/></Attribute></Attributes><ChildElements/><ElementName>mesh</ElementName><required>false</required><FilenameAttribute z:Ref="i290"/></URDFElement></ChildElements><ElementName>geometry</ElementName><required>true</required><Mesh z:Ref="i289"/></URDFElement><URDFElement z:Id="i291" i:type="Material"><Attributes><Attribute z:Id="i292"><AttributeType>name</AttributeType><IsRequired>true</IsRequired><Value i:type="a:string" xmlns:a="http://www.w3.org/2001/XMLSchema"/></Attribute></Attributes><ChildElements><URDFElement z:Id="i293" i:type="Color"><Attributes><Attribute z:Id="i294"><AttributeType>rgba</AttributeType><IsRequired>true</IsRequired><Value i:type="a:ArrayOfdouble" xmlns:a="http://schemas.microsoft.com/2003/10/Serialization/Arrays"><a:double>1</a:double><a:double>1</a:double><a:double>1</a:double><a:double>1</a:double></Value></Attribute></Attributes><ChildElements/><ElementName>color</ElementName><required>false</required><RGBAAttribute z:Ref="i294"/></URDFElement><URDFElement z:Id="i295" i:type="Texture"><Attributes><Attribute z:Id="i296"><AttributeType>filename</AttributeType><IsRequired>true</IsRequired><Value i:nil="true"/></Attribute></Attributes><ChildElements/><ElementName>texture</ElementName><required>false</required><FilenameAttribute z:Ref="i296"/><wFilename/></URDFElement></ChildElements><ElementName>material</ElementName><required>false</required><Color z:Ref="i293"/><NameAttribute z:Ref="i292"/><Texture z:Ref="i295"/></URDFElement></ChildElements><ElementName>visual</ElementName><required>false</required><Geometry z:Ref="i288"/><Material z:Ref="i291"/><Origin z:Ref="i285"/></URDFElement><URDFElement z:Id="i297" i:type="Collision"><Attributes/><ChildElements><URDFElement z:Id="i298" i:type="Origin"><Attributes><Attribute z:Id="i299"><AttributeType>xyz</AttributeType><IsRequired>true</IsRequired><Value i:type="a:ArrayOfdouble" xmlns:a="http://schemas.microsoft.com/2003/10/Serialization/Arrays"><a:double>0</a:double><a:double>0</a:double><a:double>0</a:double></Value></Attribute><Attribute z:Id="i300"><AttributeType>rpy</AttributeType><IsRequired>true</IsRequired><Value i:type="a:ArrayOfdouble" xmlns:a="http://schemas.microsoft.com/2003/10/Serialization/Arrays"><a:double>0</a:double><a:double>0</a:double><a:double>0</a:double></Value></Attribute></Attributes><ChildElements/><ElementName>origin</ElementName><required>false</required><RPYAttribute z:Ref="i300"/><XYZAttribute z:Ref="i299"/><isCustomized>false</isCustomized></URDFElement><URDFElement z:Id="i301" i:type="Geometry"><Attributes/><ChildElements><URDFElement z:Id="i302" i:type="Mesh"><Attributes><Attribute z:Id="i303"><AttributeType>filename</AttributeType><IsRequired>true</IsRequired><Value i:nil="true"/></Attribute></Attributes><ChildElements/><ElementName>mesh</ElementName><required>false</required><FilenameAttribute z:Ref="i303"/></URDFElement></ChildElements><ElementName>geometry</ElementName><required>true</required><Mesh z:Ref="i302"/></URDFElement></ChildElements><ElementName>collision</ElementName><required>false</required><Geometry z:Ref="i301"/><Origin z:Ref="i298"/></URDFElement><URDFElement z:Id="i304" i:type="Joint"><Attributes><Attribute z:Id="i305"><AttributeType>name</AttributeType><IsRequired>true</IsRequired><Value i:type="a:string" xmlns:a="http://www.w3.org/2001/XMLSchema">wheel_3 joint</Value></Attribute><Attribute z:Id="i306"><AttributeType>type</AttributeType><IsRequired>true</IsRequired><Value i:type="a:string" xmlns:a="http://www.w3.org/2001/XMLSchema">fixed</Value></Attribute></Attributes><ChildElements><URDFElement z:Id="i307" i:type="Origin"><Attributes><Attribute z:Id="i308"><AttributeType>xyz</AttributeType><IsRequired>true</IsRequired><Value i:type="a:ArrayOfdouble" xmlns:a="http://schemas.microsoft.com/2003/10/Serialization/Arrays"><a:double>0</a:double><a:double>0</a:double><a:double>0</a:double></Value></Attribute><Attribute z:Id="i309"><AttributeType>rpy</AttributeType><IsRequired>true</IsRequired><Value i:type="a:ArrayOfdouble" xmlns:a="http://schemas.microsoft.com/2003/10/Serialization/Arrays"><a:double>0</a:double><a:double>0</a:double><a:double>0</a:double></Value></Attribute></Attributes><ChildElements/><ElementName>origin</ElementName><required>false</required><RPYAttribute z:Ref="i309"/><XYZAttribute z:Ref="i308"/><isCustomized>false</isCustomized></URDFElement><URDFElement z:Id="i310" i:type="ParentLink"><Attributes><Attribute z:Id="i311"><AttributeType>link</AttributeType><IsRequired>true</IsRequired><Value i:type="a:string" xmlns:a="http://www.w3.org/2001/XMLSchema"/></Attribute></Attributes><ChildElements/><ElementName>parent</ElementName><required>true</required><NameAttribute z:Ref="i311"/></URDFElement><URDFElement z:Id="i312" i:type="ChildLink"><Attributes><Attribute z:Id="i313"><AttributeType>link</AttributeType><IsRequired>true</IsRequired><Value i:type="a:string" xmlns:a="http://www.w3.org/2001/XMLSchema"/></Attribute></Attributes><ChildElements/><ElementName>child</ElementName><required>true</required><NameAttribute z:Ref="i313"/></URDFElement><URDFElement z:Id="i314" i:type="Axis"><Attributes><Attribute z:Id="i315"><AttributeType>xyz</AttributeType><IsRequired>true</IsRequired><Value i:type="a:ArrayOfdouble" xmlns:a="http://schemas.microsoft.com/2003/10/Serialization/Arrays"><a:double>0</a:double><a:double>0</a:double><a:double>0</a:double></Value></Attribute></Attributes><ChildElements/><ElementName>axis</ElementName><required>false</required><XYZAttribute z:Ref="i315"/></URDFElement><URDFElement z:Id="i316" i:type="Limit"><Attributes><Attribute z:Id="i317"><AttributeType>lower</AttributeType><IsRequired>false</IsRequired><Value i:nil="true"/></Attribute><Attribute z:Id="i318"><AttributeType>upper</AttributeType><IsRequired>false</IsRequired><Value i:nil="true"/></Attribute><Attribute z:Id="i319"><AttributeType>effort</AttributeType><IsRequired>true</IsRequired><Value i:nil="true"/></Attribute><Attribute z:Id="i320"><AttributeType>velocity</AttributeType><IsRequired>true</IsRequired><Value i:nil="true"/></Attribute></Attributes><ChildElements/><ElementName>limit</ElementName><required>false</required><EffortAttribute z:Ref="i319"/><LowerAttribute z:Ref="i317"/><UpperAttribute z:Ref="i318"/><VelocityAttribute z:Ref="i320"/></URDFElement><URDFElement z:Id="i321" i:type="Calibration"><Attributes><Attribute z:Id="i322"><AttributeType>rising</AttributeType><IsRequired>false</IsRequired><Value i:nil="true"/></Attribute><Attribute z:Id="i323"><AttributeType>falling</AttributeType><IsRequired>false</IsRequired><Value i:nil="true"/></Attribute></Attributes><ChildElements/><ElementName>calibration</ElementName><required>false</required><FallingAttribute z:Ref="i323"/><RisingAttribute z:Ref="i322"/></URDFElement><URDFElement z:Id="i324" i:type="Dynamics"><Attributes><Attribute z:Id="i325"><AttributeType>damping</AttributeType><IsRequired>false</IsRequired><Value i:nil="true"/></Attribute><Attribute z:Id="i326"><AttributeType>friction</AttributeType><IsRequired>false</IsRequired><Value i:nil="true"/></Attribute></Attributes><ChildElements/><ElementName>dynamics</ElementName><required>false</required><DampingAttribute z:Ref="i325"/><FrictionAttribute z:Ref="i326"/></URDFElement><URDFElement z:Id="i327" i:type="SafetyController"><Attributes><Attribute z:Id="i328"><AttributeType>soft_upper_limit</AttributeType><IsRequired>false</IsRequired><Value i:nil="true"/></Attribute><Attribute z:Id="i329"><AttributeType>soft_lower_limit</AttributeType><IsRequired>false</IsRequired><Value i:nil="true"/></Attribute><Attribute z:Id="i330"><AttributeType>k_position</AttributeType><IsRequired>false</IsRequired><Value i:nil="true"/></Attribute><Attribute z:Id="i331"><AttributeType>k_velocity</AttributeType><IsRequired>true</IsRequired><Value i:nil="true"/></Attribute></Attributes><ChildElements/><ElementName>safety_controller</ElementName><required>false</required><KPositionAttribute z:Ref="i330"/><KVelocityAttribute z:Ref="i331"/><SoftLowerAttribute z:Ref="i329"/><SoftUpperAttribute z:Ref="i328"/></URDFElement><URDFElement z:Id="i332" i:type="Mimic"><Attributes><Attribute z:Id="i333"><AttributeType>joint</AttributeType><IsRequired>true</IsRequired><Value i:nil="true"/></Attribute><Attribute z:Id="i334"><AttributeType>multiplier</AttributeType><IsRequired>false</IsRequired><Value i:nil="true"/></Attribute><Attribute z:Id="i335"><AttributeType>offset</AttributeType><IsRequired>false</IsRequired><Value i:nil="true"/></Attribute></Attributes><ChildElements/><ElementName>mimic</ElementName><required>false</required><JointNameAttribute z:Ref="i333"/><MultiplierAttribute z:Ref="i334"/><OffsetAttribute z:Ref="i335"/></URDFElement></ChildElements><ElementName>joint</ElementName><required>false</required><Axis z:Ref="i314"/><AxisName>None</AxisName><Calibration z:Ref="i321"/><Child z:Ref="i312"/><CoordinateSystemName>Wheel 3 Axis</CoordinateSystemName><Dynamics z:Ref="i324"/><Limit z:Ref="i316"/><Mimic z:Ref="i332"/><NameAttribute z:Ref="i305"/><Origin z:Ref="i307"/><Parent z:Ref="i310"/><Safety z:Ref="i327"/><TypeAttribute z:Ref="i306"/></URDFElement></ChildElements><ElementName>link</ElementName><required>true</required><Children/><Collision z:Ref="i297"/><Inertial z:Ref="i271"/><Joint z:Ref="i304"/><NameAttribute z:Ref="i270"/><Parent z:Ref="i1"/><STLQualityFine>false</STLQualityFine><SWComponentPIDs xmlns:a="http://schemas.microsoft.com/2003/10/Serialization/Arrays"><a:base64Binary>mDoAAAUAAAD//v8vTQBlAGMAYQBuAHUAbQBfAFcAaABlAGUAbABfADkANwBtAG0AXwBMAGUAZgB0AF8AQQBTAE0ALQAxAEAAUgBvAGIAbwB0AF8ATgBvAF8AZQBsAGUAYwB0AHIAaQBjAAQAAAAQAAAAAQAAAAEAAABqAAAA</a:base64Binary></SWComponentPIDs><SWMainComponentPID i:nil="true"/><Visual z:Ref="i284"/><isFixedFrame>false</isFixedFrame><isIncomplete>false</isIncomplete></Link><Link z:Id="i336"><Attributes><Attribute z:Id="i337"><AttributeType>name</AttributeType><IsRequired>true</IsRequired><Value i:type="a:string" xmlns:a="http://www.w3.org/2001/XMLSchema">base_scan</Value></Attribute></Attributes><ChildElements><URDFElement z:Id="i338" i:type="Inertial"><Attributes/><ChildElements><URDFElement z:Id="i339" i:type="Origin"><Attributes><Attribute z:Id="i340"><AttributeType>xyz</AttributeType><IsRequired>true</IsRequired><Value i:type="a:ArrayOfdouble" xmlns:a="http://schemas.microsoft.com/2003/10/Serialization/Arrays"><a:double>0</a:double><a:double>0</a:double><a:double>0</a:double></Value></Attribute><Attribute z:Id="i341"><AttributeType>rpy</AttributeType><IsRequired>true</IsRequired><Value i:type="a:ArrayOfdouble" xmlns:a="http://schemas.microsoft.com/2003/10/Serialization/Arrays"><a:double>0</a:double><a:double>0</a:double><a:double>0</a:double></Value></Attribute></Attributes><ChildElements/><ElementName>origin</ElementName><required>false</required><RPYAttribute z:Ref="i341"/><XYZAttribute z:Ref="i340"/><isCustomized>false</isCustomized></URDFElement><URDFElement z:Id="i342" i:type="Mass"><Attributes><Attribute z:Id="i343"><AttributeType>value</AttributeType><IsRequired>true</IsRequired><Value i:type="a:double" xmlns:a="http://www.w3.org/2001/XMLSchema">0</Value></Attribute></Attributes><ChildElements/><ElementName>mass</ElementName><required>false</required><ValueAttribute z:Ref="i343"/></URDFElement><URDFElement z:Id="i344" i:type="Inertia"><Attributes><Attribute z:Id="i345"><AttributeType>ixx</AttributeType><IsRequired>true</IsRequired><Value i:type="a:double" xmlns:a="http://www.w3.org/2001/XMLSchema">0</Value></Attribute><Attribute z:Id="i346"><AttributeType>ixy</AttributeType><IsRequired>true</IsRequired><Value i:type="a:double" xmlns:a="http://www.w3.org/2001/XMLSchema">0</Value></Attribute><Attribute z:Id="i347"><AttributeType>ixz</AttributeType><IsRequired>true</IsRequired><Value i:type="a:double" xmlns:a="http://www.w3.org/2001/XMLSchema">0</Value></Attribute><Attribute z:Id="i348"><AttributeType>iyy</AttributeType><IsRequired>true</IsRequired><Value i:type="a:double" xmlns:a="http://www.w3.org/2001/XMLSchema">0</Value></Attribute><Attribute z:Id="i349"><AttributeType>iyz</AttributeType><IsRequired>true</IsRequired><Value i:type="a:double" xmlns:a="http://www.w3.org/2001/XMLSchema">0</Value></Attribute><Attribute z:Id="i350"><AttributeType>izz</AttributeType><IsRequired>true</IsRequired><Value i:type="a:double" xmlns:a="http://www.w3.org/2001/XMLSchema">0</Value></Attribute></Attributes><ChildElements/><ElementName>inertia</ElementName><required>false</required><IxxAttribute z:Ref="i345"/><IxyAttribute z:Ref="i346"/><IxzAttribute z:Ref="i347"/><IyyAttribute z:Ref="i348"/><IyzAttribute z:Ref="i349"/><IzzAttribute z:Ref="i350"/></URDFElement></ChildElements><ElementName>inertial</ElementName><required>false</required><Inertia z:Ref="i344"/><Mass z:Ref="i342"/><Origin z:Ref="i339"/></URDFElement><URDFElement z:Id="i351" i:type="Visual"><Attributes/><ChildElements><URDFElement z:Id="i352" i:type="Origin"><Attributes><Attribute z:Id="i353"><AttributeType>xyz</AttributeType><IsRequired>true</IsRequired><Value i:type="a:ArrayOfdouble" xmlns:a="http://schemas.microsoft.com/2003/10/Serialization/Arrays"><a:double>0</a:double><a:double>0</a:double><a:double>0</a:double></Value></Attribute><Attribute z:Id="i354"><AttributeType>rpy</AttributeType><IsRequired>true</IsRequired><Value i:type="a:ArrayOfdouble" xmlns:a="http://schemas.microsoft.com/2003/10/Serialization/Arrays"><a:double>0</a:double><a:double>0</a:double><a:double>0</a:double></Value></Attribute></Attributes><ChildElements/><ElementName>origin</ElementName><required>false</required><RPYAttribute z:Ref="i354"/><XYZAttribute z:Ref="i353"/><isCustomized>false</isCustomized></URDFElement><URDFElement z:Id="i355" i:type="Geometry"><Attributes/><ChildElements><URDFElement z:Id="i356" i:type="Mesh"><Attributes><Attribute z:Id="i357"><AttributeType>filename</AttributeType><IsRequired>true</IsRequired><Value i:nil="true"/></Attribute></Attributes><ChildElements/><ElementName>mesh</ElementName><required>false</required><FilenameAttribute z:Ref="i357"/></URDFElement></ChildElements><ElementName>geometry</ElementName><required>true</required><Mesh z:Ref="i356"/></URDFElement><URDFElement z:Id="i358" i:type="Material"><Attributes><Attribute z:Id="i359"><AttributeType>name</AttributeType><IsRequired>true</IsRequired><Value i:type="a:string" xmlns:a="http://www.w3.org/2001/XMLSchema"/></Attribute></Attributes><ChildElements><URDFElement z:Id="i360" i:type="Color"><Attributes><Attribute z:Id="i361"><AttributeType>rgba</AttributeType><IsRequired>true</IsRequired><Value i:type="a:ArrayOfdouble" xmlns:a="http://schemas.microsoft.com/2003/10/Serialization/Arrays"><a:double>1</a:double><a:double>1</a:double><a:double>1</a:double><a:double>1</a:double></Value></Attribute></Attributes><ChildElements/><ElementName>color</ElementName><required>false</required><RGBAAttribute z:Ref="i361"/></URDFElement><URDFElement z:Id="i362" i:type="Texture"><Attributes><Attribute z:Id="i363"><AttributeType>filename</AttributeType><IsRequired>true</IsRequired><Value i:nil="true"/></Attribute></Attributes><ChildElements/><ElementName>texture</ElementName><required>false</required><FilenameAttribute z:Ref="i363"/><wFilename/></URDFElement></ChildElements><ElementName>material</ElementName><required>false</required><Color z:Ref="i360"/><NameAttribute z:Ref="i359"/><Texture z:Ref="i362"/></URDFElement></ChildElements><ElementName>visual</ElementName><required>false</required><Geometry z:Ref="i355"/><Material z:Ref="i358"/><Origin z:Ref="i352"/></URDFElement><URDFElement z:Id="i364" i:type="Collision"><Attributes/><ChildElements><URDFElement z:Id="i365" i:type="Origin"><Attributes><Attribute z:Id="i366"><AttributeType>xyz</AttributeType><IsRequired>true</IsRequired><Value i:type="a:ArrayOfdouble" xmlns:a="http://schemas.microsoft.com/2003/10/Serialization/Arrays"><a:double>0</a:double><a:double>0</a:double><a:double>0</a:double></Value></Attribute><Attribute z:Id="i367"><AttributeType>rpy</AttributeType><IsRequired>true</IsRequired><Value i:type="a:ArrayOfdouble" xmlns:a="http://schemas.microsoft.com/2003/10/Serialization/Arrays"><a:double>0</a:double><a:double>0</a:double><a:double>0</a:double></Value></Attribute></Attributes><ChildElements/><ElementName>origin</ElementName><required>false</required><RPYAttribute z:Ref="i367"/><XYZAttribute z:Ref="i366"/><isCustomized>false</isCustomized></URDFElement><URDFElement z:Id="i368" i:type="Geometry"><Attributes/><ChildElements><URDFElement z:Id="i369" i:type="Mesh"><Attributes><Attribute z:Id="i370"><AttributeType>filename</AttributeType><IsRequired>true</IsRequired><Value i:nil="true"/></Attribute></Attributes><ChildElements/><ElementName>mesh</ElementName><required>false</required><FilenameAttribute z:Ref="i370"/></URDFElement></ChildElements><ElementName>geometry</ElementName><required>true</required><Mesh z:Ref="i369"/></URDFElement></ChildElements><ElementName>collision</ElementName><required>false</required><Geometry z:Ref="i368"/><Origin z:Ref="i365"/></URDFElement><URDFElement z:Id="i371" i:type="Joint"><Attributes><Attribute z:Id="i372"><AttributeType>name</AttributeType><IsRequired>true</IsRequired><Value i:type="a:string" xmlns:a="http://www.w3.org/2001/XMLSchema">scan joint</Value></Attribute><Attribute z:Id="i373"><AttributeType>type</AttributeType><IsRequired>true</IsRequired><Value i:type="a:string" xmlns:a="http://www.w3.org/2001/XMLSchema">fixed</Value></Attribute></Attributes><ChildElements><URDFElement z:Id="i374" i:type="Origin"><Attributes><Attribute z:Id="i375"><AttributeType>xyz</AttributeType><IsRequired>true</IsRequired><Value i:type="a:ArrayOfdouble" xmlns:a="http://schemas.microsoft.com/2003/10/Serialization/Arrays"><a:double>0</a:double><a:double>0</a:double><a:double>0</a:double></Value></Attribute><Attribute z:Id="i376"><AttributeType>rpy</AttributeType><IsRequired>true</IsRequired><Value i:type="a:ArrayOfdouble" xmlns:a="http://schemas.microsoft.com/2003/10/Serialization/Arrays"><a:double>0</a:double><a:double>0</a:double><a:double>0</a:double></Value></Attribute></Attributes><ChildElements/><ElementName>origin</ElementName><required>false</required><RPYAttribute z:Ref="i376"/><XYZAttribute z:Ref="i375"/><isCustomized>false</isCustomized></URDFElement><URDFElement z:Id="i377" i:type="ParentLink"><Attributes><Attribute z:Id="i378"><AttributeType>link</AttributeType><IsRequired>true</IsRequired><Value i:type="a:string" xmlns:a="http://www.w3.org/2001/XMLSchema"/></Attribute></Attributes><ChildElements/><ElementName>parent</ElementName><required>true</required><NameAttribute z:Ref="i378"/></URDFElement><URDFElement z:Id="i379" i:type="ChildLink"><Attributes><Attribute z:Id="i380"><AttributeType>link</AttributeType><IsRequired>true</IsRequired><Value i:type="a:string" xmlns:a="http://www.w3.org/2001/XMLSchema"/></Attribute></Attributes><ChildElements/><ElementName>child</ElementName><required>true</required><NameAttribute z:Ref="i380"/></URDFElement><URDFElement z:Id="i381" i:type="Axis"><Attributes><Attribute z:Id="i382"><AttributeType>xyz</AttributeType><IsRequired>true</IsRequired><Value i:type="a:ArrayOfdouble" xmlns:a="http://schemas.microsoft.com/2003/10/Serialization/Arrays"><a:double>0</a:double><a:double>0</a:double><a:double>0</a:double></Value></Attribute></Attributes><ChildElements/><ElementName>axis</ElementName><required>false</required><XYZAttribute z:Ref="i382"/></URDFElement><URDFElement z:Id="i383" i:type="Limit"><Attributes><Attribute z:Id="i384"><AttributeType>lower</AttributeType><IsRequired>false</IsRequired><Value i:nil="true"/></Attribute><Attribute z:Id="i385"><AttributeType>upper</AttributeType><IsRequired>false</IsRequired><Value i:nil="true"/></Attribute><Attribute z:Id="i386"><AttributeType>effort</AttributeType><IsRequired>true</IsRequired><Value i:nil="true"/></Attribute><Attribute z:Id="i387"><AttributeType>velocity</AttributeType><IsRequired>true</IsRequired><Value i:nil="true"/></Attribute></Attributes><ChildElements/><ElementName>limit</ElementName><required>false</required><EffortAttribute z:Ref="i386"/><LowerAttribute z:Ref="i384"/><UpperAttribute z:Ref="i385"/><VelocityAttribute z:Ref="i387"/></URDFElement><URDFElement z:Id="i388" i:type="Calibration"><Attributes><Attribute z:Id="i389"><AttributeType>rising</AttributeType><IsRequired>false</IsRequired><Value i:nil="true"/></Attribute><Attribute z:Id="i390"><AttributeType>falling</AttributeType><IsRequired>false</IsRequired><Value i:nil="true"/></Attribute></Attributes><ChildElements/><ElementName>calibration</ElementName><required>false</required><FallingAttribute z:Ref="i390"/><RisingAttribute z:Ref="i389"/></URDFElement><URDFElement z:Id="i391" i:type="Dynamics"><Attributes><Attribute z:Id="i392"><AttributeType>damping</AttributeType><IsRequired>false</IsRequired><Value i:nil="true"/></Attribute><Attribute z:Id="i393"><AttributeType>friction</AttributeType><IsRequired>false</IsRequired><Value i:nil="true"/></Attribute></Attributes><ChildElements/><ElementName>dynamics</ElementName><required>false</required><DampingAttribute z:Ref="i392"/><FrictionAttribute z:Ref="i393"/></URDFElement><URDFElement z:Id="i394" i:type="SafetyController"><Attributes><Attribute z:Id="i395"><AttributeType>soft_upper_limit</AttributeType><IsRequired>false</IsRequired><Value i:nil="true"/></Attribute><Attribute z:Id="i396"><AttributeType>soft_lower_limit</AttributeType><IsRequired>false</IsRequired><Value i:nil="true"/></Attribute><Attribute z:Id="i397"><AttributeType>k_position</AttributeType><IsRequired>false</IsRequired><Value i:nil="true"/></Attribute><Attribute z:Id="i398"><AttributeType>k_velocity</AttributeType><IsRequired>true</IsRequired><Value i:nil="true"/></Attribute></Attributes><ChildElements/><ElementName>safety_controller</ElementName><required>false</required><KPositionAttribute z:Ref="i397"/><KVelocityAttribute z:Ref="i398"/><SoftLowerAttribute z:Ref="i396"/><SoftUpperAttribute z:Ref="i395"/></URDFElement><URDFElement z:Id="i399" i:type="Mimic"><Attributes><Attribute z:Id="i400"><AttributeType>joint</AttributeType><IsRequired>true</IsRequired><Value i:nil="true"/></Attribute><Attribute z:Id="i401"><AttributeType>multiplier</AttributeType><IsRequired>false</IsRequired><Value i:nil="true"/></Attribute><Attribute z:Id="i402"><AttributeType>offset</AttributeType><IsRequired>false</IsRequired><Value i:nil="true"/></Attribute></Attributes><ChildElements/><ElementName>mimic</ElementName><required>false</required><JointNameAttribute z:Ref="i400"/><MultiplierAttribute z:Ref="i401"/><OffsetAttribute z:Ref="i402"/></URDFElement></ChildElements><ElementName>joint</ElementName><required>false</required><Axis z:Ref="i381"/><AxisName>None</AxisName><Calibration z:Ref="i388"/><Child z:Ref="i379"/><CoordinateSystemName>LIDAR Axis</CoordinateSystemName><Dynamics z:Ref="i391"/><Limit z:Ref="i383"/><Mimic z:Ref="i399"/><NameAttribute z:Ref="i372"/><Origin z:Ref="i374"/><Parent z:Ref="i377"/><Safety z:Ref="i394"/><TypeAttribute z:Ref="i373"/></URDFElement></ChildElements><ElementName>link</ElementName><required>true</required><Children/><Collision z:Ref="i364"/><Inertial z:Ref="i338"/><Joint z:Ref="i371"/><NameAttribute z:Ref="i337"/><Parent z:Ref="i1"/><STLQualityFine>false</STLQualityFine><SWComponentPIDs xmlns:a="http://schemas.microsoft.com/2003/10/Serialization/Arrays"><a:base64Binary>mDoAAAUAAAD//v8eUgBwAGwAaQBkAGEAcgBfAEEAMQAtADEAQABSAG8AYgBvAHQAXwBOAG8AXwBlAGwAZQBjAHQAcgBpAGMABAAAABAAAAABAAAAAQAAADgBAAA=</a:base64Binary></SWComponentPIDs><SWMainComponentPID i:nil="true"/><Visual z:Ref="i351"/><isFixedFrame>false</isFixedFrame><isIncomplete>false</isIncomplete></Link><Link z:Id="i403"><Attributes><Attribute z:Id="i404"><AttributeType>name</AttributeType><IsRequired>true</IsRequired><Value i:type="a:string" xmlns:a="http://www.w3.org/2001/XMLSchema">imu_link</Value></Attribute></Attributes><ChildElements><URDFElement z:Id="i405" i:type="Inertial"><Attributes/><ChildElements><URDFElement z:Id="i406" i:type="Origin"><Attributes><Attribute z:Id="i407"><AttributeType>xyz</AttributeType><IsRequired>true</IsRequired><Value i:type="a:ArrayOfdouble" xmlns:a="http://schemas.microsoft.com/2003/10/Serialization/Arrays"><a:double>0</a:double><a:double>0</a:double><a:double>0</a:double></Value></Attribute><Attribute z:Id="i408"><AttributeType>rpy</AttributeType><IsRequired>true</IsRequired><Value i:type="a:ArrayOfdouble" xmlns:a="http://schemas.microsoft.com/2003/10/Serialization/Arrays"><a:double>0</a:double><a:double>0</a:double><a:double>0</a:double></Value></Attribute></Attributes><ChildElements/><ElementName>origin</ElementName><required>false</required><RPYAttribute z:Ref="i408"/><XYZAttribute z:Ref="i407"/><isCustomized>false</isCustomized></URDFElement><URDFElement z:Id="i409" i:type="Mass"><Attributes><Attribute z:Id="i410"><AttributeType>value</AttributeType><IsRequired>true</IsRequired><Value i:type="a:double" xmlns:a="http://www.w3.org/2001/XMLSchema">0</Value></Attribute></Attributes><ChildElements/><ElementName>mass</ElementName><required>false</required><ValueAttribute z:Ref="i410"/></URDFElement><URDFElement z:Id="i411" i:type="Inertia"><Attributes><Attribute z:Id="i412"><AttributeType>ixx</AttributeType><IsRequired>true</IsRequired><Value i:type="a:double" xmlns:a="http://www.w3.org/2001/XMLSchema">0</Value></Attribute><Attribute z:Id="i413"><AttributeType>ixy</AttributeType><IsRequired>true</IsRequired><Value i:type="a:double" xmlns:a="http://www.w3.org/2001/XMLSchema">0</Value></Attribute><Attribute z:Id="i414"><AttributeType>ixz</AttributeType><IsRequired>true</IsRequired><Value i:type="a:double" xmlns:a="http://www.w3.org/2001/XMLSchema">0</Value></Attribute><Attribute z:Id="i415"><AttributeType>iyy</AttributeType><IsRequired>true</IsRequired><Value i:type="a:double" xmlns:a="http://www.w3.org/2001/XMLSchema">0</Value></Attribute><Attribute z:Id="i416"><AttributeType>iyz</AttributeType><IsRequired>true</IsRequired><Value i:type="a:double" xmlns:a="http://www.w3.org/2001/XMLSchema">0</Value></Attribute><Attribute z:Id="i417"><AttributeType>izz</AttributeType><IsRequired>true</IsRequired><Value i:type="a:double" xmlns:a="http://www.w3.org/2001/XMLSchema">0</Value></Attribute></Attributes><ChildElements/><ElementName>inertia</ElementName><required>false</required><IxxAttribute z:Ref="i412"/><IxyAttribute z:Ref="i413"/><IxzAttribute z:Ref="i414"/><IyyAttribute z:Ref="i415"/><IyzAttribute z:Ref="i416"/><IzzAttribute z:Ref="i417"/></URDFElement></ChildElements><ElementName>inertial</ElementName><required>false</required><Inertia z:Ref="i411"/><Mass z:Ref="i409"/><Origin z:Ref="i406"/></URDFElement><URDFElement z:Id="i418" i:type="Visual"><Attributes/><ChildElements><URDFElement z:Id="i419" i:type="Origin"><Attributes><Attribute z:Id="i420"><AttributeType>xyz</AttributeType><IsRequired>true</IsRequired><Value i:type="a:ArrayOfdouble" xmlns:a="http://schemas.microsoft.com/2003/10/Serialization/Arrays"><a:double>0</a:double><a:double>0</a:double><a:double>0</a:double></Value></Attribute><Attribute z:Id="i421"><AttributeType>rpy</AttributeType><IsRequired>true</IsRequired><Value i:type="a:ArrayOfdouble" xmlns:a="http://schemas.microsoft.com/2003/10/Serialization/Arrays"><a:double>0</a:double><a:double>0</a:double><a:double>0</a:double></Value></Attribute></Attributes><ChildElements/><ElementName>origin</ElementName><required>false</required><RPYAttribute z:Ref="i421"/><XYZAttribute z:Ref="i420"/><isCustomized>false</isCustomized></URDFElement><URDFElement z:Id="i422" i:type="Geometry"><Attributes/><ChildElements><URDFElement z:Id="i423" i:type="Mesh"><Attributes><Attribute z:Id="i424"><AttributeType>filename</AttributeType><IsRequired>true</IsRequired><Value i:nil="true"/></Attribute></Attributes><ChildElements/><ElementName>mesh</ElementName><required>false</required><FilenameAttribute z:Ref="i424"/></URDFElement></ChildElements><ElementName>geometry</ElementName><required>true</required><Mesh z:Ref="i423"/></URDFElement><URDFElement z:Id="i425" i:type="Material"><Attributes><Attribute z:Id="i426"><AttributeType>name</AttributeType><IsRequired>true</IsRequired><Value i:type="a:string" xmlns:a="http://www.w3.org/2001/XMLSchema"/></Attribute></Attributes><ChildElements><URDFElement z:Id="i427" i:type="Color"><Attributes><Attribute z:Id="i428"><AttributeType>rgba</AttributeType><IsRequired>true</IsRequired><Value i:type="a:ArrayOfdouble" xmlns:a="http://schemas.microsoft.com/2003/10/Serialization/Arrays"><a:double>1</a:double><a:double>1</a:double><a:double>1</a:double><a:double>1</a:double></Value></Attribute></Attributes><ChildElements/><ElementName>color</ElementName><required>false</required><RGBAAttribute z:Ref="i428"/></URDFElement><URDFElement z:Id="i429" i:type="Texture"><Attributes><Attribute z:Id="i430"><AttributeType>filename</AttributeType><IsRequired>true</IsRequired><Value i:nil="true"/></Attribute></Attributes><ChildElements/><ElementName>texture</ElementName><required>false</required><FilenameAttribute z:Ref="i430"/><wFilename/></URDFElement></ChildElements><ElementName>material</ElementName><required>false</required><Color z:Ref="i427"/><NameAttribute z:Ref="i426"/><Texture z:Ref="i429"/></URDFElement></ChildElements><ElementName>visual</ElementName><required>false</required><Geometry z:Ref="i422"/><Material z:Ref="i425"/><Origin z:Ref="i419"/></URDFElement><URDFElement z:Id="i431" i:type="Collision"><Attributes/><ChildElements><URDFElement z:Id="i432" i:type="Origin"><Attributes><Attribute z:Id="i433"><AttributeType>xyz</AttributeType><IsRequired>true</IsRequired><Value i:type="a:ArrayOfdouble" xmlns:a="http://schemas.microsoft.com/2003/10/Serialization/Arrays"><a:double>0</a:double><a:double>0</a:double><a:double>0</a:double></Value></Attribute><Attribute z:Id="i434"><AttributeType>rpy</AttributeType><IsRequired>true</IsRequired><Value i:type="a:ArrayOfdouble" xmlns:a="http://schemas.microsoft.com/2003/10/Serialization/Arrays"><a:double>0</a:double><a:double>0</a:double><a:double>0</a:double></Value></Attribute></Attributes><ChildElements/><ElementName>origin</ElementName><required>false</required><RPYAttribute z:Ref="i434"/><XYZAttribute z:Ref="i433"/><isCustomized>false</isCustomized></URDFElement><URDFElement z:Id="i435" i:type="Geometry"><Attributes/><ChildElements><URDFElement z:Id="i436" i:type="Mesh"><Attributes><Attribute z:Id="i437"><AttributeType>filename</AttributeType><IsRequired>true</IsRequired><Value i:nil="true"/></Attribute></Attributes><ChildElements/><ElementName>mesh</ElementName><required>false</required><FilenameAttribute z:Ref="i437"/></URDFElement></ChildElements><ElementName>geometry</ElementName><required>true</required><Mesh z:Ref="i436"/></URDFElement></ChildElements><ElementName>collision</ElementName><required>false</required><Geometry z:Ref="i435"/><Origin z:Ref="i432"/></URDFElement><URDFElement z:Id="i438" i:type="Joint"><Attributes><Attribute z:Id="i439"><AttributeType>name</AttributeType><IsRequired>true</IsRequired><Value i:type="a:string" xmlns:a="http://www.w3.org/2001/XMLSchema">imu joint</Value></Attribute><Attribute z:Id="i440"><AttributeType>type</AttributeType><IsRequired>true</IsRequired><Value i:type="a:string" xmlns:a="http://www.w3.org/2001/XMLSchema">fixed</Value></Attribute></Attributes><ChildElements><URDFElement z:Id="i441" i:type="Origin"><Attributes><Attribute z:Id="i442"><AttributeType>xyz</AttributeType><IsRequired>true</IsRequired><Value i:type="a:ArrayOfdouble" xmlns:a="http://schemas.microsoft.com/2003/10/Serialization/Arrays"><a:double>0</a:double><a:double>0</a:double><a:double>0</a:double></Value></Attribute><Attribute z:Id="i443"><AttributeType>rpy</AttributeType><IsRequired>true</IsRequired><Value i:type="a:ArrayOfdouble" xmlns:a="http://schemas.microsoft.com/2003/10/Serialization/Arrays"><a:double>0</a:double><a:double>0</a:double><a:double>0</a:double></Value></Attribute></Attributes><ChildElements/><ElementName>origin</ElementName><required>false</required><RPYAttribute z:Ref="i443"/><XYZAttribute z:Ref="i442"/><isCustomized>false</isCustomized></URDFElement><URDFElement z:Id="i444" i:type="ParentLink"><Attributes><Attribute z:Id="i445"><AttributeType>link</AttributeType><IsRequired>true</IsRequired><Value i:type="a:string" xmlns:a="http://www.w3.org/2001/XMLSchema"/></Attribute></Attributes><ChildElements/><ElementName>parent</ElementName><required>true</required><NameAttribute z:Ref="i445"/></URDFElement><URDFElement z:Id="i446" i:type="ChildLink"><Attributes><Attribute z:Id="i447"><AttributeType>link</AttributeType><IsRequired>true</IsRequired><Value i:type="a:string" xmlns:a="http://www.w3.org/2001/XMLSchema"/></Attribute></Attributes><ChildElements/><ElementName>child</ElementName><required>true</required><NameAttribute z:Ref="i447"/></URDFElement><URDFElement z:Id="i448" i:type="Axis"><Attributes><Attribute z:Id="i449"><AttributeType>xyz</AttributeType><IsRequired>true</IsRequired><Value i:type="a:ArrayOfdouble" xmlns:a="http://schemas.microsoft.com/2003/10/Serialization/Arrays"><a:double>0</a:double><a:double>0</a:double><a:double>0</a:double></Value></Attribute></Attributes><ChildElements/><ElementName>axis</ElementName><required>false</required><XYZAttribute z:Ref="i449"/></URDFElement><URDFElement z:Id="i450" i:type="Limit"><Attributes><Attribute z:Id="i451"><AttributeType>lower</AttributeType><IsRequired>false</IsRequired><Value i:nil="true"/></Attribute><Attribute z:Id="i452"><AttributeType>upper</AttributeType><IsRequired>false</IsRequired><Value i:nil="true"/></Attribute><Attribute z:Id="i453"><AttributeType>effort</AttributeType><IsRequired>true</IsRequired><Value i:nil="true"/></Attribute><Attribute z:Id="i454"><AttributeType>velocity</AttributeType><IsRequired>true</IsRequired><Value i:nil="true"/></Attribute></Attributes><ChildElements/><ElementName>limit</ElementName><required>false</required><EffortAttribute z:Ref="i453"/><LowerAttribute z:Ref="i451"/><UpperAttribute z:Ref="i452"/><VelocityAttribute z:Ref="i454"/></URDFElement><URDFElement z:Id="i455" i:type="Calibration"><Attributes><Attribute z:Id="i456"><AttributeType>rising</AttributeType><IsRequired>false</IsRequired><Value i:nil="true"/></Attribute><Attribute z:Id="i457"><AttributeType>falling</AttributeType><IsRequired>false</IsRequired><Value i:nil="true"/></Attribute></Attributes><ChildElements/><ElementName>calibration</ElementName><required>false</required><FallingAttribute z:Ref="i457"/><RisingAttribute z:Ref="i456"/></URDFElement><URDFElement z:Id="i458" i:type="Dynamics"><Attributes><Attribute z:Id="i459"><AttributeType>damping</AttributeType><IsRequired>false</IsRequired><Value i:nil="true"/></Attribute><Attribute z:Id="i460"><AttributeType>friction</AttributeType><IsRequired>false</IsRequired><Value i:nil="true"/></Attribute></Attributes><ChildElements/><ElementName>dynamics</ElementName><required>false</required><DampingAttribute z:Ref="i459"/><FrictionAttribute z:Ref="i460"/></URDFElement><URDFElement z:Id="i461" i:type="SafetyController"><Attributes><Attribute z:Id="i462"><AttributeType>soft_upper_limit</AttributeType><IsRequired>false</IsRequired><Value i:nil="true"/></Attribute><Attribute z:Id="i463"><AttributeType>soft_lower_limit</AttributeType><IsRequired>false</IsRequired><Value i:nil="true"/></Attribute><Attribute z:Id="i464"><AttributeType>k_position</AttributeType><IsRequired>false</IsRequired><Value i:nil="true"/></Attribute><Attribute z:Id="i465"><AttributeType>k_velocity</AttributeType><IsRequired>true</IsRequired><Value i:nil="true"/></Attribute></Attributes><ChildElements/><ElementName>safety_controller</ElementName><required>false</required><KPositionAttribute z:Ref="i464"/><KVelocityAttribute z:Ref="i465"/><SoftLowerAttribute z:Ref="i463"/><SoftUpperAttribute z:Ref="i462"/></URDFElement><URDFElement z:Id="i466" i:type="Mimic"><Attributes><Attribute z:Id="i467"><AttributeType>joint</AttributeType><IsRequired>true</IsRequired><Value i:nil="true"/></Attribute><Attribute z:Id="i468"><AttributeType>multiplier</AttributeType><IsRequired>false</IsRequired><Value i:nil="true"/></Attribute><Attribute z:Id="i469"><AttributeType>offset</AttributeType><IsRequired>false</IsRequired><Value i:nil="true"/></Attribute></Attributes><ChildElements/><ElementName>mimic</ElementName><required>false</required><JointNameAttribute z:Ref="i467"/><MultiplierAttribute z:Ref="i468"/><OffsetAttribute z:Ref="i469"/></URDFElement></ChildElements><ElementName>joint</ElementName><required>false</required><Axis z:Ref="i448"/><AxisName>None</AxisName><Calibration z:Ref="i455"/><Child z:Ref="i446"/><CoordinateSystemName>IMU Axis</CoordinateSystemName><Dynamics z:Ref="i458"/><Limit z:Ref="i450"/><Mimic z:Ref="i466"/><NameAttribute z:Ref="i439"/><Origin z:Ref="i441"/><Parent z:Ref="i444"/><Safety z:Ref="i461"/><TypeAttribute z:Ref="i440"/></URDFElement></ChildElements><ElementName>link</ElementName><required>true</required><Children/><Collision z:Ref="i431"/><Inertial z:Ref="i405"/><Joint z:Ref="i438"/><NameAttribute z:Ref="i404"/><Parent z:Ref="i1"/><STLQualityFine>false</STLQualityFine><SWComponentPIDs xmlns:a="http://schemas.microsoft.com/2003/10/Serialization/Arrays"><a:base64Binary>mDoAAAUAAAD//v9iTQBQAFUAOQAyADUANQAuAHMAdABlAHAALQAxAEAAUgBvAGIAbwB0AF8ATgBvAF8AZQBsAGUAYwB0AHIAaQBjAC8AVABlAHgAdABfAEIAbwB0AHQAbwBtAC4AcwB0AGUAcAAtADEAQABNAFAAVQA5ADIANQA1AC4AcwB0AGUAcAAvAFQAZQB4AHQAQgBfAEEARAAwAC4AcwB0AGUAcAAtADEAQABUAGUAeAB0AF8AQgBvAHQAdABvAG0ALgBzAHQAZQBwAAQAAAAQAAAAAQAAAAMAAABFAgAAGgAAAB4AAAA=</a:base64Binary></SWComponentPIDs><SWMainComponentPID i:nil="true"/><Visual z:Ref="i418"/><isFixedFrame>false</isFixedFrame><isIncomplete>false</isIncomplete></Link></Children><Collision z:Ref="i29"/><Inertial z:Ref="i3"/><Joint z:Ref="i36"/><NameAttribute z:Ref="i2"/><Parent i:nil="true"/><STLQualityFine>false</STLQualityFine><SWComponentPIDs xmlns:a="http://schemas.microsoft.com/2003/10/Serialization/Arrays"><a:base64Binary>mDoAAAUAAAD//v8fSABFAFgAXwBNADMAXwAyADQAbQBtAC0AOABAAFIAbwBiAG8AdABfAE4AbwBfAGUAbABlAGMAdAByAGkAYwAEAAAAEAAAAAEAAAABAAAA/wEAAA==</a:base64Binary><a:base64Binary>mDoAAAUAAAD//v8cWAB1AG8AbgBnAF8ARgAxAC0AMQBAAFIAbwBiAG8AdABfAE4AbwBfAGUAbABlAGMAdAByAGkAYwAEAAAAEAAAAAEAAAABAAAAMQIAAA==</a:base64Binary><a:base64Binary>mDoAAAUAAAD//v8fSABFAFgAXwBNADMAXwAyADQAbQBtAC0ANQBAAFIAbwBiAG8AdABfAE4AbwBfAGUAbABlAGMAdAByAGkAYwAEAAAAEAAAAAEAAAABAAAA7wEAAA==</a:base64Binary><a:base64Binary>mDoAAAUAAAD//v8fSABFAFgAXwBNADMAXwA4ADAAbQBtAC0AOQBAAFIAbwBiAG8AdABfAE4AbwBfAGUAbABlAGMAdAByAGkAYwAEAAAAEAAAAAEAAAABAAAAnAEAAA==</a:base64Binary><a:base64Binary>mDoAAAUAAAD//v8fSABFAFgAXwBNADMAXwA4ADAAbQBtAC0AOABAAFIAbwBiAG8AdABfAE4AbwBfAGUAbABlAGMAdAByAGkAYwAEAAAAEAAAAAEAAAABAAAAlwEAAA==</a:base64Binary><a:base64Binary>mDoAAAUAAAD//v8fSABFAFgAXwBNADMAXwAyADQAbQBtAC0ANgBAAFIAbwBiAG8AdABfAE4AbwBfAGUAbABlAGMAdAByAGkAYwAEAAAAEAAAAAEAAAABAAAA8wEAAA==</a:base64Binary><a:base64Binary>mDoAAAUAAAD//v8fSABFAFgAXwBNADMAXwAyADQAbQBtAC0ANwBAAFIAbwBiAG8AdABfAE4AbwBfAGUAbABlAGMAdAByAGkAYwAEAAAAEAAAAAEAAAABAAAA+AEAAA==</a:base64Binary><a:base64Binary>mDoAAAUAAAD//v8cWAB1AG8AbgBnAF8ARgAzAC0AMQBAAFIAbwBiAG8AdABfAE4AbwBfAGUAbABlAGMAdAByAGkAYwAEAAAAEAAAAAEAAAABAAAAOQIAAA==</a:base64Binary><a:base64Binary>mDoAAAUAAAD//v8gTQBQAFUAOQAyADUANQAuAHMAdABlAHAALQAxAEAAUgBvAGIAbwB0AF8ATgBvAF8AZQBsAGUAYwB0AHIAaQBjAAQAAAAQAAAAAQAAAAEAAABFAgAA</a:base64Binary><a:base64Binary>mDoAAAUAAAD//v8bZgBsAG8AbwByAF8AMwAtADEAQABSAG8AYgBvAHQAXwBOAG8AXwBlAGwAZQBjAHQAcgBpAGMABAAAABAAAAABAAAAAQAAAKEBAAA=</a:base64Binary><a:base64Binary>mDoAAAUAAAD//v9VQwBvAG0AcABsAGUAdABlACAAUgBvAGIAbwB0AGkAYwAgAEEAcgBtACAAQQBzAHMAZQBtAGIAbAB5ACAAKAB3AGkAdABoACAARAB1AGEAbAAgAE0AYQBuAGkAcAB1AGwAYQB0AG8AcgArADEANAAwAG0AbQAgAFMAaABhAG4AawApAC0AMQBAAFIAbwBiAG8AdABfAE4AbwBfAGUAbABlAGMAdAByAGkAYwAEAAAAEAAAAAEAAAABAAAAqQEAAA==</a:base64Binary><a:base64Binary>mDoAAAUAAAD//v8fSABFAFgAXwBNADMAXwA4ADAAbQBtAC0ANwBAAFIAbwBiAG8AdABfAE4AbwBfAGUAbABlAGMAdAByAGkAYwAEAAAAEAAAAAEAAAABAAAAkgEAAA==</a:base64Binary><a:base64Binary>mDoAAAUAAAD//v8fSABFAFgAXwBNADMAXwA2ADAAbQBtAC0ANwBAAFIAbwBiAG8AdABfAE4AbwBfAGUAbABlAGMAdAByAGkAYwAEAAAAEAAAAAEAAAABAAAAbAEAAA==</a:base64Binary><a:base64Binary>mDoAAAUAAAD//v8kTQBvAHQAbwByACAASgBHAEIAMwA3AC0ANQA0ADUALQAxADMAQABSAG8AYgBvAHQAXwBOAG8AXwBlAGwAZQBjAHQAcgBpAGMABAAAABAAAAABAAAAAQAAAFQAAAA=</a:base64Binary><a:base64Binary>mDoAAAUAAAD//v8kTQBvAHQAbwByACAASgBHAEIAMwA3AC0ANQA0ADUALQAxADIAQABSAG8AYgBvAHQAXwBOAG8AXwBlAGwAZQBjAHQAcgBpAGMABAAAABAAAAABAAAAAQAAAFMAAAA=</a:base64Binary><a:base64Binary>mDoAAAUAAAD//v8fSABFAFgAXwBNADMAXwA4ADAAbQBtAC0ANgBAAFIAbwBiAG8AdABfAE4AbwBfAGUAbABlAGMAdAByAGkAYwAEAAAAEAAAAAEAAAABAAAAjQEAAA==</a:base64Binary><a:base64Binary>mDoAAAUAAAD//v8gSABFAFgAXwBNADMAXwA2ADAAbQBtAC0AMQAwAEAAUgBvAGIAbwB0AF8ATgBvAF8AZQBsAGUAYwB0AHIAaQBjAAQAAAAQAAAAAQAAAAEAAABwAQAA</a:base64Binary><a:base64Binary>mDoAAAUAAAD//v8fSABFAFgAXwBNADMAXwA2ADAAbQBtAC0AOQBAAFIAbwBiAG8AdABfAE4AbwBfAGUAbABlAGMAdAByAGkAYwAEAAAAEAAAAAEAAAABAAAAbwEAAA==</a:base64Binary><a:base64Binary>mDoAAAUAAAD//v8fSABFAFgAXwBNADMAXwA2ADAAbQBtAC0AOABAAFIAbwBiAG8AdABfAE4AbwBfAGUAbABlAGMAdAByAGkAYwAEAAAAEAAAAAEAAAABAAAAbgEAAA==</a:base64Binary><a:base64Binary>mDoAAAUAAAD//v8bZgBsAG8AbwByAF8AMgAtADEAQABSAG8AYgBvAHQAXwBOAG8AXwBlAGwAZQBjAHQAcgBpAGMABAAAABAAAAABAAAAAQAAACMBAAA=</a:base64Binary><a:base64Binary>mDoAAAUAAAD//v8kTQBvAHQAbwByACAASgBHAEIAMwA3AC0ANQA0ADUALQAxADAAQABSAG8AYgBvAHQAXwBOAG8AXwBlAGwAZQBjAHQAcgBpAGMABAAAABAAAAABAAAAAQAAAFEAAAA=</a:base64Binary><a:base64Binary>mDoAAAUAAAD//v86MwA3ACAAbQBtACAARABDACAARwBlAGEAcgBlAGQAIABNAG8AdABvAHIAIABNAG8AdQBuAHQAaQBuAGcAIABCAHIAYQBjAGsAZQB0AC0ANABAAFIAbwBiAG8AdABfAE4AbwBfAGUAbABlAGMAdAByAGkAYwAEAAAAEAAAAAEAAAABAAAALAAAAA==</a:base64Binary><a:base64Binary>mDoAAAUAAAD//v8bZgBsAG8AbwByAF8AMQAtADEAQABSAG8AYgBvAHQAXwBOAG8AXwBlAGwAZQBjAHQAcgBpAGMABAAAABAAAAABAAAAAQAAABgAAAA=</a:base64Binary><a:base64Binary>mDoAAAUAAAD//v86MwA3ACAAbQBtACAARABDACAARwBlAGEAcgBlAGQAIABNAG8AdABvAHIAIABNAG8AdQBuAHQAaQBuAGcAIABCAHIAYQBjAGsAZQB0AC0AMwBAAFIAbwBiAG8AdABfAE4AbwBfAGUAbABlAGMAdAByAGkAYwAEAAAAEAAAAAEAAAABAAAAJAAAAA==</a:base64Binary><a:base64Binary>mDoAAAUAAAD//v8kTQBvAHQAbwByACAASgBHAEIAMwA3AC0ANQA0ADUALQAxADEAQABSAG8AYgBvAHQAXwBOAG8AXwBlAGwAZQBjAHQAcgBpAGMABAAAABAAAAABAAAAAQAAAFIAAAA=</a:base64Binary><a:base64Binary>mDoAAAUAAAD//v86MwA3ACAAbQBtACAARABDACAARwBlAGEAcgBlAGQAIABNAG8AdABvAHIAIABNAG8AdQBuAHQAaQBuAGcAIABCAHIAYQBjAGsAZQB0AC0AMQBAAFIAbwBiAG8AdABfAE4AbwBfAGUAbABlAGMAdAByAGkAYwAEAAAAEAAAAAEAAAABAAAAGQAAAA==</a:base64Binary><a:base64Binary>mDoAAAUAAAD//v86MwA3ACAAbQBtACAARABDACAARwBlAGEAcgBlAGQAIABNAG8AdABvAHIAIABNAG8AdQBuAHQAaQBuAGcAIABCAHIAYQBjAGsAZQB0AC0AMgBAAFIAbwBiAG8AdABfAE4AbwBfAGUAbABlAGMAdAByAGkAYwAEAAAAEAAAAAEAAAABAAAAIAAAAA==</a:base64Binary></SWComponentPIDs><SWMainComponentPID i:nil="true"/><Visual z:Ref="i16"/><isFixedFrame>false</isFixedFrame><isIncomplete>false</isIncomplete></Link>
2025-05-28 04:16:35,092 INFO  AssemblyExportForm.cs: 309 - Saving URDF package to D:\Dowload\my_robot
2025-05-28 04:16:35,094 INFO  ExportHelper.cs: 147 - Beginning the export process
2025-05-28 04:16:35,096 INFO  ExportHelper.cs: 153 - Creating package directories with name my_robot and save path D:\Dowload
2025-05-28 04:16:39,690 INFO  ExportHelper.cs: 162 - Creating CMakeLists.txt at D:\Dowload\my_robot\CMakeLists.txt
2025-05-28 04:16:39,691 INFO  ExportHelper.cs: 166 - Creating joint names config at D:\Dowload\my_robot\config\joint_names_my_robot.yaml
2025-05-28 04:16:39,693 INFO  ExportHelper.cs: 170 - Creating package.xml at D:\Dowload\my_robot\package.xml
2025-05-28 04:16:39,693 INFO  PackageXMLWriter.cs: 21 - Creating package.xml at D:\Dowload\my_robot\package.xml
2025-05-28 04:16:39,697 INFO  ExportHelper.cs: 177 - Creating RVIZ launch file in D:\Dowload\my_robot\launch\
2025-05-28 04:16:39,700 INFO  ExportHelper.cs: 182 - Creating Gazebo launch file in D:\Dowload\my_robot\launch\
2025-05-28 04:16:39,701 INFO  ExportHelper.cs: 187 - Saving existing STL preferences
2025-05-28 04:16:39,702 INFO  ExportHelper.cs: 450 - Saving users preferences
2025-05-28 04:16:39,704 INFO  ExportHelper.cs: 190 - Modifying STL preferences
2025-05-28 04:16:39,705 INFO  ExportHelper.cs: 464 - Setting STL preferences
2025-05-28 04:16:39,716 INFO  ExportHelper.cs: 196 - Found 1 hidden components Complete Robotic Arm Assembly (with Dual Manipulator+140mm Shank)-1/robot_belt_arm stabilizer - myMOD-1
2025-05-28 04:16:39,717 INFO  ExportHelper.cs: 197 - Hiding all components
2025-05-28 04:16:40,353 INFO  ExportHelper.cs: 204 - Beginning individual files export
2025-05-28 04:16:40,373 INFO  ExportHelper.cs: 270 - Exporting link: base_link
2025-05-28 04:16:40,373 INFO  ExportHelper.cs: 272 - Link base_link has 6 children
2025-05-28 04:16:40,374 INFO  ExportHelper.cs: 270 - Exporting link: wheel_0
2025-05-28 04:16:40,375 INFO  ExportHelper.cs: 272 - Link wheel_0 has 0 children
2025-05-28 04:16:40,376 INFO  ExportHelper.cs: 317 - wheel_0: Exporting STL with coordinate frame Wheel 0 Axis
2025-05-28 04:16:40,376 INFO  ExportHelper.cs: 322 - wheel_0: Reference geometry name 
2025-05-28 04:16:40,589 INFO  ExportHelper.cs: 330 - Saving STL to D:\Dowload\my_robot\meshes\wheel_0.STL
2025-05-28 04:16:41,417 INFO  ExportHelper.cs: 405 - Removing SW header in STL file
2025-05-28 04:16:41,419 INFO  ExportHelper.cs: 270 - Exporting link: wheel_1
2025-05-28 04:16:41,419 INFO  ExportHelper.cs: 272 - Link wheel_1 has 0 children
2025-05-28 04:16:41,420 INFO  ExportHelper.cs: 317 - wheel_1: Exporting STL with coordinate frame Wheel 1 Axis
2025-05-28 04:16:41,420 INFO  ExportHelper.cs: 322 - wheel_1: Reference geometry name 
2025-05-28 04:16:41,480 INFO  ExportHelper.cs: 330 - Saving STL to D:\Dowload\my_robot\meshes\wheel_1.STL
2025-05-28 04:16:42,142 INFO  ExportHelper.cs: 405 - Removing SW header in STL file
2025-05-28 04:16:42,143 INFO  ExportHelper.cs: 270 - Exporting link: wheel_2
2025-05-28 04:16:42,144 INFO  ExportHelper.cs: 272 - Link wheel_2 has 0 children
2025-05-28 04:16:42,144 INFO  ExportHelper.cs: 317 - wheel_2: Exporting STL with coordinate frame Wheel 2 Axis
2025-05-28 04:16:42,144 INFO  ExportHelper.cs: 322 - wheel_2: Reference geometry name 
2025-05-28 04:16:42,193 INFO  ExportHelper.cs: 330 - Saving STL to D:\Dowload\my_robot\meshes\wheel_2.STL
2025-05-28 04:16:42,810 INFO  ExportHelper.cs: 405 - Removing SW header in STL file
2025-05-28 04:16:42,812 INFO  ExportHelper.cs: 270 - Exporting link: wheel_3
2025-05-28 04:16:42,812 INFO  ExportHelper.cs: 272 - Link wheel_3 has 0 children
2025-05-28 04:16:42,813 INFO  ExportHelper.cs: 317 - wheel_3: Exporting STL with coordinate frame Wheel 3 Axis
2025-05-28 04:16:42,813 INFO  ExportHelper.cs: 322 - wheel_3: Reference geometry name 
2025-05-28 04:16:42,854 INFO  ExportHelper.cs: 330 - Saving STL to D:\Dowload\my_robot\meshes\wheel_3.STL
2025-05-28 04:16:43,442 INFO  ExportHelper.cs: 405 - Removing SW header in STL file
2025-05-28 04:16:43,446 INFO  ExportHelper.cs: 270 - Exporting link: base_scan
2025-05-28 04:16:43,446 INFO  ExportHelper.cs: 272 - Link base_scan has 0 children
2025-05-28 04:16:43,447 INFO  ExportHelper.cs: 317 - base_scan: Exporting STL with coordinate frame LIDAR Axis
2025-05-28 04:16:43,447 INFO  ExportHelper.cs: 322 - base_scan: Reference geometry name 
2025-05-28 04:16:43,475 INFO  ExportHelper.cs: 330 - Saving STL to D:\Dowload\my_robot\meshes\base_scan.STL
2025-05-28 04:16:43,640 INFO  ExportHelper.cs: 405 - Removing SW header in STL file
2025-05-28 04:16:43,643 INFO  ExportHelper.cs: 270 - Exporting link: imu_link
2025-05-28 04:16:43,643 INFO  ExportHelper.cs: 272 - Link imu_link has 0 children
2025-05-28 04:16:43,643 INFO  ExportHelper.cs: 317 - imu_link: Exporting STL with coordinate frame IMU Axis
2025-05-28 04:16:43,644 INFO  ExportHelper.cs: 322 - imu_link: Reference geometry name 
2025-05-28 04:16:43,979 INFO  ExportHelper.cs: 330 - Saving STL to D:\Dowload\my_robot\meshes\imu_link.STL
2025-05-28 04:16:44,151 INFO  ExportHelper.cs: 405 - Removing SW header in STL file
2025-05-28 04:16:44,152 INFO  ExportHelper.cs: 317 - base_link: Exporting STL with coordinate frame BASE Axis
2025-05-28 04:16:44,152 INFO  ExportHelper.cs: 322 - base_link: Reference geometry name 
2025-05-28 04:16:44,906 INFO  ExportHelper.cs: 330 - Saving STL to D:\Dowload\my_robot\meshes\base_link.STL
2025-05-28 04:16:57,748 INFO  ExportHelper.cs: 405 - Removing SW header in STL file
2025-05-28 04:16:57,748 INFO  ExportHelper.cs: 145 - Showing all components except previously hidden components
2025-05-28 04:17:03,427 INFO  ExportHelper.cs: 145 - Resetting STL preferences
2025-05-28 04:17:03,428 INFO  ExportHelper.cs: 478 - Returning STL preferences to user preferences
2025-05-28 04:17:03,428 INFO  ExportHelper.cs: 228 - Writing URDF file to D:\Dowload\my_robot\urdf\my_robot.urdf
2025-05-28 04:17:03,533 INFO  CSVImportExport.cs: 32 - Writing CSV file D:\Dowload\my_robot\urdf\my_robot.csv
2025-05-28 04:17:03,555 ERROR CSVImportExport.cs: 130 - The following columns were not written to the CSV: Link.Joint.ChildLink.link,
2025-05-28 04:17:03,556 ERROR CSVImportExport.cs: 130 - The following columns were not written to the CSV: Link.Joint.ChildLink.link,
2025-05-28 04:17:03,556 ERROR CSVImportExport.cs: 130 - The following columns were not written to the CSV: Link.Joint.ChildLink.link,
2025-05-28 04:17:03,557 ERROR CSVImportExport.cs: 130 - The following columns were not written to the CSV: Link.Joint.ChildLink.link,
2025-05-28 04:17:03,557 ERROR CSVImportExport.cs: 130 - The following columns were not written to the CSV: Link.Joint.ChildLink.link,
2025-05-28 04:17:03,557 ERROR CSVImportExport.cs: 130 - The following columns were not written to the CSV: Link.Joint.ChildLink.link,
2025-05-28 04:17:03,558 ERROR CSVImportExport.cs: 130 - The following columns were not written to the CSV: Link.Joint.ChildLink.link,
2025-05-28 04:17:03,558 INFO  ExportHelper.cs: 234 - Copying log file
2025-05-28 04:17:03,562 INFO  ExportHelper.cs: 439 - Copying C:\Users\Pham Khai Nguyen\sw2urdf_logs\sw2urdf.log to D:\Dowload\my_robot\export.log
